RepID,ManagerID,Segment,Region,TenureMonths,Certified,AvgDealSize,Opportunities,Wins,RawWinRate,TrueWinRate,ExposureMonths,OutboundMeetings,RawMeetingsPerMonth,TrueMeetingsPerMonth,MeanDiscountPct,DiscountSD,TrueMeanDiscountPct,Losses,LossCompetitor,LossNoDecision,LossBudget,LossTiming,TrueLossCompetitor,TrueLossNoDecision,TrueLossBudget,TrueLossTiming
R-1001,M-201,Enterprise,North America,62.8,No,206600,32,2,0.0625,0.0187,24.0,43,1.7917,1.7015,12.4047,11.6959,12.0337,30,10,14,1,5,0.4049,0.3859,0.0275,0.1817
R-1002,M-201,Enterprise,North America,42.8,No,206500,27,0,0.0,0.01,24.0,65,2.7083,2.7944,13.1562,8.0407,11.9021,27,7,12,1,7,0.2837,0.5424,0.049,0.125
R-1003,M-201,Enterprise,North America,37.6,Yes,170000,31,0,0.0,0.0237,24.0,60,2.5,2.6165,14.1655,9.6727,12.7251,31,18,3,5,5,0.5149,0.1578,0.1111,0.2163
R-1004,M-201,Enterprise,North America,5.6,No,138800,8,0,0.0,0.01,5.6,9,1.6071,2.5169,15.2255,11.5699,8.7273,8,4,1,3,0,0.6388,0.2237,0.0746,0.0629
R-1005,M-201,Enterprise,North America,37.1,Yes,201700,13,3,0.2308,0.1504,24.0,73,3.0417,3.7292,15.6514,11.8508,16.1609,10,6,0,2,2,0.3618,0.1135,0.1725,0.3523
R-1006,M-201,Enterprise,North America,12.6,No,191000,15,2,0.1333,0.0817,12.6,27,2.1429,2.1829,19.0939,9.8399,17.3757,13,6,2,1,4,0.3394,0.2445,0.1364,0.2797
R-1007,M-201,Enterprise,North America,33.8,No,151900,42,2,0.0476,0.0352,24.0,52,2.1667,1.8962,10.4912,8.187,7.2594,40,23,16,1,0,0.5377,0.3668,0.04,0.0556
R-1008,M-202,Mid-Market,EMEA,10.2,No,50700,28,2,0.0714,0.1554,10.2,53,5.1961,5.2034,12.4155,9.6017,13.6094,26,6,14,4,2,0.1943,0.3703,0.2482,0.1872
R-1009,M-202,Mid-Market,EMEA,10.8,No,30300,27,8,0.2963,0.2673,10.8,30,2.7778,2.9293,9.4665,7.2939,11.1953,19,7,2,4,6,0.4295,0.1196,0.154,0.2969
R-1010,M-202,Mid-Market,EMEA,45.8,Yes,42700,56,13,0.2321,0.2259,24.0,77,3.2083,3.0944,10.2482,9.6925,8.5614,43,11,20,4,8,0.295,0.3711,0.1975,0.1364
R-1011,M-202,Mid-Market,EMEA,50.7,Yes,30200,106,33,0.3113,0.2517,24.0,87,3.625,3.6405,12.4668,10.1944,11.8276,73,19,28,17,9,0.3109,0.3938,0.2041,0.0913
R-1012,M-202,Mid-Market,EMEA,28.7,No,40500,77,22,0.2857,0.2733,24.0,81,3.375,3.5723,12.7933,9.3375,10.9358,55,18,4,7,26,0.329,0.1492,0.131,0.3909
R-1013,M-202,Mid-Market,EMEA,78.8,No,38200,79,44,0.557,0.4983,24.0,157,6.5417,6.5106,9.3465,8.219,8.2974,35,9,13,7,6,0.3495,0.2122,0.2242,0.2142
R-1014,M-202,Mid-Market,EMEA,46.8,No,35800,86,13,0.1512,0.145,24.0,77,3.2083,3.5658,8.1724,8.8764,9.1569,73,4,16,36,17,0.0932,0.1971,0.4875,0.2222
R-1015,M-202,Mid-Market,EMEA,12.1,No,44600,32,8,0.25,0.2799,12.1,43,3.5537,3.4459,11.5101,10.2508,9.8424,24,13,3,8,0,0.4932,0.2088,0.2527,0.0452
R-1016,M-202,Mid-Market,EMEA,12.8,No,40800,50,22,0.44,0.2838,12.8,57,4.4531,4.2526,10.2004,9.5318,9.437,28,15,3,3,7,0.5381,0.1957,0.055,0.2111
R-1017,M-202,Mid-Market,EMEA,43.3,No,24800,66,15,0.2273,0.2421,24.0,71,2.9583,3.123,9.3899,7.5109,7.2259,51,19,10,16,6,0.3216,0.198,0.3596,0.1207
R-1018,M-203,SMB,EMEA,7.7,No,7300,82,29,0.3537,0.3318,7.7,42,5.4545,4.7441,11.5316,9.009,8.9369,53,14,10,9,20,0.3722,0.2236,0.1431,0.2612
R-1019,M-203,SMB,EMEA,31.3,Yes,11500,180,52,0.2889,0.2617,24.0,95,3.9583,4.1144,5.7176,7.7474,2.7742,128,63,37,20,8,0.4823,0.296,0.1917,0.0299
R-1020,M-203,SMB,EMEA,56.7,Yes,8400,197,63,0.3198,0.3375,24.0,159,6.625,6.3111,13.0926,9.3688,12.6907,134,32,30,40,32,0.2267,0.2734,0.2946,0.2052
R-1021,M-203,SMB,EMEA,15.0,No,7800,98,24,0.2449,0.2852,15.0,50,3.3333,2.9123,16.7837,11.0231,15.9618,74,7,26,28,13,0.1001,0.3228,0.3828,0.1943
R-1022,M-203,SMB,EMEA,24.7,No,6700,151,62,0.4106,0.3909,24.0,113,4.7083,4.3647,13.4107,9.1114,11.8019,89,10,28,32,19,0.1189,0.3181,0.3862,0.1768
R-1023,M-203,SMB,EMEA,66.3,No,9700,166,53,0.3193,0.3402,24.0,177,7.375,6.8134,13.784,10.1409,13.1024,113,11,38,8,56,0.0705,0.3815,0.0421,0.5059
R-1024,M-203,SMB,EMEA,4.9,No,11800,28,7,0.25,0.2071,4.9,28,5.7143,6.9199,10.4358,8.2417,12.2007,21,4,5,8,4,0.286,0.2982,0.3235,0.0924
R-1025,M-203,SMB,EMEA,15.4,Yes,10200,124,38,0.3065,0.313,15.4,131,8.5065,8.7519,12.0941,10.0609,12.1274,86,18,39,8,21,0.2004,0.5019,0.1071,0.1907
R-1026,M-203,SMB,EMEA,61.0,Yes,8300,206,54,0.2621,0.2869,24.0,126,5.25,5.179,14.7865,9.9006,13.2078,152,17,71,24,40,0.1629,0.4152,0.2101,0.2118
R-1027,M-203,SMB,EMEA,21.4,Yes,9900,127,35,0.2756,0.222,21.4,138,6.4486,7.0216,11.0607,9.0543,10.0046,92,28,20,36,8,0.2186,0.3267,0.3776,0.077
R-1028,M-203,SMB,EMEA,7.2,No,7200,47,5,0.1064,0.0945,7.2,58,8.0556,6.7421,14.5657,10.8305,14.5676,42,5,15,17,5,0.1097,0.4435,0.2958,0.151
R-1029,M-204,Mid-Market,EMEA,62.6,Yes,36800,81,32,0.3951,0.3552,24.0,86,3.5833,3.8818,16.5591,8.2438,17.2411,49,14,14,19,2,0.3228,0.3243,0.3197,0.0332
R-1030,M-204,Mid-Market,EMEA,40.0,Yes,36900,80,13,0.1625,0.1563,24.0,51,2.125,2.2015,10.7431,8.6442,11.0608,67,8,29,21,9,0.1697,0.4727,0.2326,0.125
R-1031,M-204,Mid-Market,EMEA,20.6,Yes,32300,80,29,0.3625,0.3794,20.6,51,2.4757,3.2659,13.1311,9.67,13.6369,51,20,21,4,6,0.4034,0.3899,0.0821,0.1246
R-1032,M-204,Mid-Market,EMEA,108.0,Yes,46700,63,20,0.3175,0.3617,24.0,72,3.0,2.9074,16.053,9.4919,15.0232,43,19,19,4,1,0.3323,0.4073,0.1879,0.0725
R-1033,M-204,Mid-Market,EMEA,21.3,Yes,42700,90,40,0.4444,0.4034,21.3,172,8.0751,8.2951,10.0484,9.1869,9.9344,50,18,10,13,9,0.2427,0.3029,0.2936,0.1607
R-1034,M-204,Mid-Market,EMEA,18.2,Yes,57900,71,36,0.507,0.5489,18.2,73,4.011,4.1394,12.5394,9.3377,14.0948,35,5,18,6,6,0.238,0.3754,0.1799,0.2067
R-1035,M-204,Mid-Market,EMEA,22.5,No,59300,76,18,0.2368,0.2812,22.5,69,3.0667,3.0529,12.4215,8.9751,11.5584,58,24,9,14,11,0.3811,0.0891,0.296,0.2339
R-1036,M-204,Mid-Market,EMEA,18.7,Yes,48000,52,12,0.2308,0.2569,18.7,78,4.1711,3.6545,9.2385,8.1328,7.4913,40,11,11,1,17,0.3166,0.2711,0.0491,0.3632
R-1037,M-204,Mid-Market,EMEA,4.8,Yes,50200,10,2,0.2,0.161,4.8,21,4.375,3.6485,15.466,12.1124,13.7689,8,5,1,2,0,0.3805,0.5203,0.0623,0.037
R-1038,M-204,Mid-Market,EMEA,16.8,No,45400,35,4,0.1143,0.1459,16.8,89,5.2976,5.0516,10.0675,9.5636,9.9611,31,16,4,3,8,0.4194,0.1471,0.0876,0.3459
R-1039,M-204,Mid-Market,EMEA,17.7,No,40100,74,32,0.4324,0.3605,17.7,57,3.2203,3.3549,13.843,10.0331,12.681,42,9,12,11,10,0.2919,0.3613,0.2026,0.1442
R-1040,M-204,Mid-Market,EMEA,21.3,No,62500,73,13,0.1781,0.1583,21.3,104,4.8826,4.5048,11.3302,9.5163,11.292,60,26,11,15,8,0.349,0.1745,0.2482,0.2283
R-1041,M-204,Mid-Market,EMEA,14.6,Yes,48800,37,16,0.4324,0.4001,14.6,39,2.6712,3.8776,14.4251,10.3929,13.2976,21,8,6,3,4,0.36,0.2869,0.135,0.2181
R-1042,M-204,Mid-Market,EMEA,7.5,No,43500,23,7,0.3043,0.2444,7.5,16,2.1333,2.1881,14.5991,12.0938,12.507,16,7,9,0,0,0.3481,0.4338,0.1491,0.069
R-1043,M-205,Mid-Market,North America,18.8,Yes,49900,79,6,0.0759,0.1041,18.8,87,4.6277,5.0792,11.5611,9.2772,13.1271,73,28,14,28,3,0.3196,0.2211,0.3943,0.065
R-1044,M-205,Mid-Market,North America,53.3,No,42400,63,3,0.0476,0.0898,24.0,71,2.9583,2.9615,9.632,9.4427,7.2409,60,24,22,6,8,0.3705,0.3397,0.091,0.1987
R-1045,M-205,Mid-Market,North America,26.2,No,38200,116,12,0.1034,0.0753,24.0,105,4.375,4.2586,10.8067,8.4037,10.0621,104,10,57,9,28,0.0837,0.551,0.0744,0.2909
R-1046,M-205,Mid-Market,North America,3.7,Yes,39300,6,1,0.1667,0.2363,3.7,18,4.8649,5.1942,16.3033,5.9504,13.8931,5,0,1,2,2,0.4248,0.2338,0.2755,0.066
R-1047,M-205,Mid-Market,North America,6.8,No,48800,20,4,0.2,0.1703,6.8,34,5.0,4.4329,13.1801,8.1264,10.3912,16,10,4,1,1,0.4991,0.2874,0.1414,0.0721
R-1048,M-205,Mid-Market,North America,26.0,No,39800,74,15,0.2027,0.1669,24.0,77,3.2083,3.1101,11.6825,9.8327,10.1029,59,19,31,5,4,0.3509,0.5263,0.0723,0.0505
R-1049,M-206,SMB,North America,5.9,Yes,11300,39,10,0.2564,0.2079,5.9,36,6.1017,7.1447,11.1697,9.8336,12.1659,29,5,5,11,8,0.3427,0.2557,0.2541,0.1474
R-1050,M-206,SMB,North America,3.7,No,10000,16,5,0.3125,0.2412,3.7,18,4.8649,5.4065,8.5523,8.912,7.278,11,2,8,1,0,0.1558,0.5146,0.2055,0.124
R-1051,M-206,SMB,North America,52.0,No,8100,214,66,0.3084,0.307,24.0,193,8.0417,7.2358,11.2784,9.608,10.2245,148,56,35,33,24,0.3523,0.2145,0.2495,0.1837
R-1052,M-206,SMB,North America,40.3,Yes,7500,162,59,0.3642,0.3426,24.0,212,8.8333,8.3609,19.4148,10.2843,15.8326,103,31,22,16,34,0.236,0.4014,0.1321,0.2305
R-1053,M-206,SMB,North America,11.9,No,10800,96,32,0.3333,0.3109,11.9,87,7.3109,6.5188,17.3007,10.5701,14.9769,64,12,20,6,26,0.115,0.2929,0.1131,0.479
R-1054,M-206,SMB,North America,20.3,No,10700,134,25,0.1866,0.2043,20.3,179,8.8177,7.5453,7.7312,7.7509,6.4438,109,26,33,31,19,0.1585,0.3457,0.2732,0.2226
R-1055,M-206,SMB,North America,22.0,Yes,8500,174,80,0.4598,0.4189,22.0,68,3.0909,3.5466,13.0494,9.7064,12.8054,94,25,40,8,21,0.2394,0.4621,0.1033,0.1952
R-1056,M-206,SMB,North America,6.7,No,9500,50,8,0.16,0.1458,6.7,31,4.6269,3.2198,16.1413,9.7049,14.2253,42,7,7,23,5,0.1651,0.1874,0.4242,0.2234
R-1057,M-206,SMB,North America,25.3,No,7300,111,23,0.2072,0.2006,24.0,147,6.125,5.0951,9.4289,9.4527,8.0741,88,29,23,26,10,0.3248,0.2807,0.2991,0.0955
R-1058,M-206,SMB,North America,30.2,Yes,12900,187,77,0.4118,0.426,24.0,114,4.75,4.7489,12.6709,9.9146,11.7401,110,15,43,46,6,0.1225,0.5223,0.3135,0.0417
R-1059,M-206,SMB,North America,18.7,Yes,9400,172,35,0.2035,0.2482,18.7,117,6.2567,6.7038,12.5516,9.479,10.2271,137,10,37,50,40,0.098,0.3143,0.3317,0.2561
R-1060,M-206,SMB,North America,30.2,Yes,10400,115,48,0.4174,0.4507,24.0,137,5.7083,4.9582,10.7325,10.3218,9.4858,67,20,16,21,10,0.3064,0.1973,0.3178,0.1785
R-1061,M-206,SMB,North America,16.7,No,11300,152,51,0.3355,0.3288,16.7,121,7.2455,7.3071,11.9185,9.4094,11.0344,101,18,27,48,8,0.1612,0.2201,0.5557,0.063
R-1062,M-206,SMB,North America,12.5,No,9900,76,18,0.2368,0.2486,12.5,103,8.24,8.4103,12.0143,9.5134,12.2761,58,14,18,19,7,0.3014,0.3475,0.2296,0.1215
R-1063,M-206,SMB,North America,3.0,No,11500,14,1,0.0714,0.2341,3.0,15,5.0,7.0458,17.2263,10.9552,18.5048,13,1,6,2,4,0.1328,0.5332,0.1766,0.1574
R-1064,M-206,SMB,North America,6.7,Yes,7700,29,11,0.3793,0.337,6.7,32,4.7761,3.9451,10.2198,10.0456,9.3081,18,5,3,7,3,0.2145,0.1905,0.1684,0.4266
R-1065,M-206,SMB,North America,90.8,No,9100,242,99,0.4091,0.4268,24.0,215,8.9583,8.7294,19.072,10.5579,17.9279,143,49,41,17,36,0.3545,0.2908,0.1803,0.1744
R-1066,M-206,SMB,North America,5.2,Yes,8300,29,7,0.2414,0.2137,5.2,26,5.0,4.5965,14.4478,11.6672,11.5522,22,8,7,3,4,0.1848,0.4901,0.1704,0.1547
R-1067,M-207,Mid-Market,APAC,17.8,Yes,56300,28,3,0.1071,0.1803,17.8,74,4.1573,4.2082,21.0871,8.7121,16.8476,25,12,4,7,2,0.3629,0.312,0.2958,0.0293
R-1068,M-207,Mid-Market,APAC,23.5,Yes,41100,81,33,0.4074,0.4475,23.5,76,3.234,3.877,12.645,10.5258,12.4016,48,28,12,0,8,0.519,0.336,0.0339,0.1112
R-1069,M-207,Mid-Market,APAC,32.3,Yes,36800,69,26,0.3768,0.2918,24.0,95,3.9583,3.8965,11.0036,8.7134,6.8991,43,17,9,15,2,0.397,0.1989,0.3317,0.0724
R-1070,M-207,Mid-Market,APAC,49.1,Yes,49100,79,20,0.2532,0.1745,24.0,95,3.9583,2.9102,13.2221,9.3683,12.0381,59,14,20,13,12,0.2228,0.3678,0.2013,0.2081
R-1071,M-207,Mid-Market,APAC,29.2,No,38500,52,8,0.1538,0.1252,24.0,30,1.25,1.4962,16.3538,8.3424,18.0283,44,14,14,7,9,0.2961,0.3059,0.2346,0.1634
R-1072,M-207,Mid-Market,APAC,39.4,Yes,38300,62,21,0.3387,0.3178,24.0,90,3.75,3.7538,16.9558,8.8765,15.8766,41,9,18,10,4,0.1744,0.4284,0.2289,0.1683
R-1073,M-208,Enterprise,EMEA,8.0,No,215800,7,0,0.0,0.1261,8.0,14,1.75,1.7422,9.5608,9.669,9.8048,7,2,4,0,1,0.3641,0.5292,0.0297,0.077
R-1074,M-208,Enterprise,EMEA,68.3,Yes,216200,30,7,0.2333,0.3042,24.0,65,2.7083,2.3118,13.3795,8.9531,13.3579,23,8,8,1,6,0.496,0.3271,0.0869,0.09
R-1075,M-208,Enterprise,EMEA,35.7,No,196900,35,0,0.0,0.0725,24.0,20,0.8333,1.1029,14.2558,10.4431,12.0902,35,10,21,0,4,0.3681,0.5029,0.0126,0.1164
R-1076,M-208,Enterprise,EMEA,11.7,Yes,116400,10,0,0.0,0.1507,11.7,53,4.5299,3.9162,15.8386,7.9973,14.4558,10,2,5,2,1,0.242,0.4789,0.0772,0.2019
R-1077,M-208,Enterprise,EMEA,35.7,No,231400,43,10,0.2326,0.1327,24.0,41,1.7083,2.3228,12.867,9.5781,13.3709,33,7,18,2,6,0.1559,0.5656,0.1559,0.1226
R-1078,M-208,Enterprise,EMEA,25.3,No,206300,46,8,0.1739,0.1534,24.0,34,1.4167,1.6324,11.5509,9.6278,9.6519,38,8,21,2,7,0.3519,0.4358,0.0332,0.1791
R-1079,M-208,Enterprise,EMEA,16.0,No,153100,27,5,0.1852,0.1528,16.0,41,2.5625,2.3428,10.8546,10.0708,10.5956,22,13,6,0,3,0.5185,0.3414,0.0605,0.0796
R-1080,M-209,SMB,APAC,14.1,Yes,7600,116,34,0.2931,0.2746,14.1,93,6.5957,6.2493,7.5232,8.5287,5.9764,82,20,26,31,5,0.2981,0.3472,0.2973,0.0574
R-1081,M-209,SMB,APAC,15.1,Yes,11300,120,43,0.3583,0.3328,15.1,135,8.9404,8.4956,13.7451,9.8575,12.9598,77,7,48,16,6,0.1078,0.6957,0.143,0.0535
R-1082,M-209,SMB,APAC,17.7,No,5300,117,25,0.2137,0.2339,17.7,118,6.6667,6.6647,18.4518,10.9906,16.9294,92,20,26,13,33,0.2032,0.2317,0.1815,0.3836
R-1083,M-209,SMB,APAC,11.9,No,5300,83,26,0.3133,0.2234,11.9,38,3.1933,3.2728,11.944,9.1311,12.9757,57,14,18,16,9,0.3195,0.3086,0.2528,0.1191
R-1084,M-209,SMB,APAC,46.8,No,10300,165,31,0.1879,0.2176,24.0,102,4.25,4.7522,12.3531,10.0375,11.9726,134,11,63,57,3,0.0527,0.4839,0.3912,0.0722
R-1085,M-209,SMB,APAC,54.3,No,11000,176,45,0.2557,0.2949,24.0,109,4.5417,5.1801,11.5745,9.6039,9.382,131,49,36,25,21,0.3743,0.2677,0.2388,0.1192
R-1086,M-209,SMB,APAC,8.5,No,9300,71,15,0.2113,0.1938,8.5,78,9.1765,9.0426,13.1054,9.5161,13.2683,56,4,31,14,7,0.1088,0.5942,0.1166,0.1805
R-1087,M-209,SMB,APAC,9.6,No,5500,88,25,0.2841,0.2217,9.6,44,4.5833,5.5051,12.5189,10.867,10.4606,63,4,30,27,2,0.0652,0.4672,0.4307,0.0368
R-1088,M-209,SMB,APAC,19.6,Yes,11700,88,39,0.4432,0.371,19.6,143,7.2959,6.7594,19.5468,10.7203,18.5904,49,5,28,7,9,0.0731,0.4431,0.2145,0.2693
R-1089,M-209,SMB,APAC,42.8,No,11200,162,43,0.2654,0.2834,24.0,115,4.7917,5.2615,11.9663,9.1858,11.8865,119,51,27,33,8,0.3686,0.2447,0.2788,0.1079
R-1090,M-210,Mid-Market,EMEA,34.0,Yes,49600,61,12,0.1967,0.2044,24.0,68,2.8333,2.31,13.151,8.8178,13.5992,49,10,21,6,12,0.2119,0.463,0.1517,0.1734
R-1091,M-210,Mid-Market,EMEA,9.2,No,38600,25,3,0.12,0.1495,9.2,53,5.7609,5.1744,17.3427,11.9674,16.3882,22,4,16,2,0,0.1609,0.7161,0.1063,0.0168
R-1092,M-210,Mid-Market,EMEA,95.3,No,57400,78,26,0.3333,0.3718,24.0,95,3.9583,4.0705,8.3832,8.8312,6.0791,52,16,30,5,1,0.3542,0.5504,0.0696,0.0257
R-1093,M-210,Mid-Market,EMEA,52.0,No,35800,90,17,0.1889,0.2107,24.0,75,3.125,3.0902,10.6162,9.4356,8.3833,73,26,17,23,7,0.3754,0.3559,0.189,0.0797
R-1094,M-210,Mid-Market,EMEA,37.4,Yes,56500,80,20,0.25,0.2902,24.0,52,2.1667,2.3923,12.5574,11.0127,9.9243,60,18,20,13,9,0.2286,0.4153,0.2094,0.1466
R-1095,M-210,Mid-Market,EMEA,5.8,Yes,38800,9,2,0.2222,0.2328,5.8,55,9.4828,7.2754,8.4619,6.878,14.7267,7,1,3,2,1,0.2296,0.348,0.235,0.1874
R-1096,M-210,Mid-Market,EMEA,14.9,No,50800,64,9,0.1406,0.228,14.9,74,4.9664,4.5297,11.9626,10.1186,9.6677,55,25,16,4,10,0.5154,0.2302,0.0927,0.1617
R-1097,M-210,Mid-Market,EMEA,36.1,Yes,37800,81,25,0.3086,0.3565,24.0,84,3.5,3.2398,11.7458,10.0563,10.1638,56,14,16,17,9,0.1836,0.3957,0.2991,0.1216
R-1098,M-210,Mid-Market,EMEA,3.2,Yes,45700,4,1,0.25,0.1458,3.2,15,4.6875,4.2821,24.8859,13.9598,12.3849,3,0,1,0,2,0.2927,0.208,0.1142,0.3851
R-1099,M-210,Mid-Market,EMEA,11.4,Yes,49700,32,3,0.0938,0.1559,11.4,34,2.9825,3.6193,15.5699,8.5775,18.2722,29,6,13,6,4,0.2348,0.3168,0.2852,0.1632
R-1100,M-210,Mid-Market,EMEA,23.6,No,43800,93,27,0.2903,0.2216,23.6,39,1.6525,1.8364,13.8665,9.7764,12.9652,66,10,24,22,10,0.1678,0.3263,0.3325,0.1734
R-1101,M-211,SMB,North America,10.1,No,10600,66,13,0.197,0.2564,10.1,60,5.9406,6.1502,10.0106,9.5459,9.8559,53,6,11,24,12,0.1239,0.2714,0.3264,0.2784
R-1102,M-211,SMB,North America,38.2,No,7700,187,42,0.2246,0.1986,24.0,174,7.25,7.6628,11.2792,9.2534,10.6589,145,55,41,37,12,0.3494,0.2456,0.2983,0.1068
R-1103,M-211,SMB,North America,36.2,Yes,7000,195,57,0.2923,0.302,24.0,135,5.625,6.2592,13.4581,10.0116,13.4162,138,29,54,13,42,0.2295,0.3119,0.0944,0.3642
R-1104,M-211,SMB,North America,24.7,Yes,11400,89,30,0.3371,0.3229,24.0,202,8.4167,7.6471,14.4268,9.4512,16.3358,59,13,22,22,2,0.254,0.3818,0.275,0.0891
R-1105,M-211,SMB,North America,1.5,No,7600,4,0,0.0,0.2561,1.5,11,7.3333,7.6333,12.4022,8.5903,11.875,4,2,0,2,0,0.2481,0.2684,0.376,0.1075
R-1106,M-211,SMB,North America,20.8,Yes,10000,146,63,0.4315,0.3544,20.8,163,7.8365,7.6798,16.7694,10.0853,15.9369,83,11,23,28,21,0.1295,0.2614,0.3305,0.2785
R-1107,M-211,SMB,North America,43.0,No,9900,213,62,0.2911,0.3096,24.0,72,3.0,3.2147,10.3956,8.8097,9.4778,151,16,67,52,16,0.1407,0.4583,0.3241,0.0768
R-1108,M-211,SMB,North America,8.0,No,7000,64,16,0.25,0.3113,8.0,43,5.375,5.0597,14.4774,9.1853,12.8889,48,14,18,13,3,0.3324,0.3396,0.2432,0.0848
R-1109,M-211,SMB,North America,43.3,No,10500,129,34,0.2636,0.3231,24.0,117,4.875,5.5391,12.6057,9.8183,13.5636,95,16,45,25,9,0.1287,0.427,0.3161,0.1282
R-1110,M-211,SMB,North America,5.2,Yes,5800,22,5,0.2273,0.1891,5.2,29,5.5769,5.7955,11.582,9.7715,12.418,17,9,2,4,2,0.4393,0.1574,0.2811,0.1222
R-1111,M-211,SMB,North America,19.4,No,9200,154,19,0.1234,0.1227,19.4,142,7.3196,6.9381,12.7514,10.0243,11.7739,135,71,38,23,3,0.5012,0.3239,0.134,0.0409
R-1112,M-211,SMB,North America,33.1,Yes,11900,246,50,0.2033,0.1874,24.0,153,6.375,5.6949,9.7465,9.467,9.5644,196,58,74,54,10,0.3389,0.308,0.3194,0.0337
R-1113,M-211,SMB,North America,11.0,No,6500,74,22,0.2973,0.2717,11.0,47,4.2727,4.7918,13.0036,9.193,12.9318,52,0,11,28,13,0.0686,0.2838,0.4171,0.2306
R-1114,M-212,SMB,APAC,13.8,No,9400,89,28,0.3146,0.2879,13.8,76,5.5072,4.7282,9.7967,9.4167,8.4207,61,7,7,39,8,0.1597,0.1559,0.6335,0.0509
R-1115,M-212,SMB,APAC,22.8,Yes,8200,95,16,0.1684,0.1724,22.8,167,7.3246,7.3876,12.4067,10.1044,12.1343,79,14,23,30,12,0.1584,0.1717,0.5294,0.1405
R-1116,M-212,SMB,APAC,17.7,No,6400,34,9,0.2647,0.332,17.7,73,4.1243,4.1132,15.1989,8.2952,12.3943,25,11,5,7,2,0.3219,0.1864,0.2773,0.2143
R-1117,M-212,SMB,APAC,24.8,Yes,7400,206,85,0.4126,0.386,24.0,149,6.2083,6.0268,10.0825,9.4991,9.0612,121,22,48,27,24,0.1192,0.4531,0.2217,0.206
R-1118,M-212,SMB,APAC,21.4,Yes,7900,167,31,0.1856,0.2194,21.4,121,5.6542,6.0425,11.6277,9.08,11.5185,136,23,62,27,24,0.1982,0.4164,0.1978,0.1877
R-1119,M-212,SMB,APAC,12.5,Yes,9100,103,22,0.2136,0.1639,12.5,51,4.08,4.0504,14.583,9.6178,14.2159,81,13,20,39,9,0.1659,0.2621,0.4644,0.1076
R-1120,M-212,SMB,APAC,39.4,Yes,11500,226,41,0.1814,0.2067,24.0,207,8.625,8.5311,11.8573,10.0043,10.2964,185,37,39,79,30,0.208,0.2263,0.3852,0.1806
R-1121,M-212,SMB,APAC,11.0,Yes,7800,102,28,0.2745,0.2748,11.0,59,5.3636,6.1273,13.2468,10.9616,12.849,74,6,47,12,9,0.0548,0.6165,0.2155,0.1132
R-1122,M-212,SMB,APAC,14.3,No,9100,91,32,0.3516,0.3489,14.3,98,6.8531,6.8578,13.3213,10.2667,14.9938,59,34,9,9,7,0.476,0.1962,0.1754,0.1524
R-1123,M-212,SMB,APAC,16.7,No,11200,80,22,0.275,0.2548,16.7,78,4.6707,4.6147,10.7,9.7064,8.7826,58,8,24,15,11,0.1494,0.4514,0.2788,0.1204
R-1124,M-212,SMB,APAC,20.0,No,9100,175,53,0.3029,0.2753,20.0,86,4.3,3.8635,16.3046,10.6974,16.9639,122,60,39,22,1,0.4921,0.2961,0.1881,0.0237
R-1125,M-212,SMB,APAC,11.3,No,10500,105,18,0.1714,0.216,11.3,49,4.3363,4.845,13.2778,9.6618,12.0616,87,27,25,11,24,0.2834,0.287,0.1066,0.323
R-1126,M-212,SMB,APAC,10.7,No,8100,79,14,0.1772,0.1991,10.7,49,4.5794,5.3696,14.2204,10.5638,11.2426,65,9,37,15,4,0.1603,0.4802,0.246,0.1136
R-1127,M-212,SMB,APAC,29.8,No,7400,198,69,0.3485,0.3247,24.0,95,3.9583,4.2033,13.3903,9.8806,11.9958,129,24,60,38,7,0.1861,0.4951,0.255,0.0638
R-1128,M-212,SMB,APAC,13.1,No,9500,104,35,0.3365,0.3091,13.1,107,8.1679,8.9138,17.3085,10.8132,15.1469,69,38,14,12,5,0.5217,0.1877,0.2021,0.0884
R-1129,M-213,SMB,North America,48.3,No,8600,227,104,0.4581,0.4667,24.0,85,3.5417,3.3219,11.6203,9.2311,11.5127,123,13,29,78,3,0.0792,0.2862,0.5958,0.0388
R-1130,M-213,SMB,North America,36.9,Yes,8900,189,52,0.2751,0.2766,24.0,108,4.5,5.0672,16.873,9.2405,15.6848,137,29,58,46,4,0.2325,0.4103,0.3032,0.054
R-1131,M-213,SMB,North America,27.5,No,6100,148,50,0.3378,0.2828,24.0,173,7.2083,6.9048,12.8757,9.9119,12.5046,98,48,23,23,4,0.6035,0.2565,0.1243,0.0157
R-1132,M-213,SMB,North America,12.1,Yes,6800,95,40,0.4211,0.428,12.1,53,4.3802,4.5136,14.2953,9.3426,14.6056,55,20,18,13,4,0.2867,0.2959,0.3636,0.0538
R-1133,M-213,SMB,North America,31.1,Yes,8200,110,59,0.5364,0.4952,24.0,155,6.4583,7.7026,9.4612,8.581,6.5556,51,14,12,17,8,0.2399,0.2434,0.2935,0.2233
R-1134,M-213,SMB,North America,25.5,No,7800,130,62,0.4769,0.5,24.0,98,4.0833,4.8452,17.2548,10.9403,14.9058,68,7,24,18,19,0.1031,0.4271,0.2267,0.2431
R-1135,M-213,SMB,North America,17.7,No,8800,104,41,0.3942,0.4429,17.7,128,7.2316,6.7208,11.6528,9.052,11.5503,63,13,15,14,21,0.2104,0.2811,0.1682,0.3403
R-1136,M-213,SMB,North America,3.8,No,6800,8,2,0.25,0.339,3.8,41,10.7895,8.9411,12.3996,10.2585,10.9673,6,0,3,3,0,0.246,0.2049,0.3401,0.209
R-1137,M-213,SMB,North America,41.7,Yes,7500,78,54,0.6923,0.5418,24.0,167,6.9583,6.8404,13.3448,10.1973,12.4606,24,4,9,9,2,0.1176,0.3741,0.375,0.1333
R-1138,M-213,SMB,North America,38.7,No,6600,116,58,0.5,0.4492,24.0,106,4.4167,4.3701,14.3756,10.5963,15.2449,58,24,14,13,7,0.3507,0.291,0.216,0.1422
R-1139,M-213,SMB,North America,17.7,No,5500,127,40,0.315,0.334,17.7,78,4.4068,4.5849,19.1142,11.3092,18.8323,87,37,27,16,7,0.4119,0.3287,0.1796,0.0798
R-1140,M-213,SMB,North America,12.5,No,9600,82,33,0.4024,0.3584,12.5,101,8.08,7.6055,14.8196,9.9217,15.4185,49,5,21,14,9,0.1655,0.3676,0.2621,0.2048
R-1141,M-213,SMB,North America,11.5,Yes,7500,77,49,0.6364,0.6508,11.5,112,9.7391,9.7702,11.606,9.1397,10.9325,28,6,3,17,2,0.1704,0.2962,0.4466,0.0869
R-1142,M-213,SMB,North America,18.8,No,12300,173,70,0.4046,0.372,18.8,101,5.3723,6.3091,10.4787,9.2626,9.5894,103,14,26,39,24,0.1658,0.2388,0.3694,0.226
R-1143,M-213,SMB,North America,74.7,Yes,11100,129,101,0.7829,0.7292,24.0,106,4.4167,4.3951,12.4235,9.0031,12.4011,28,4,3,4,17,0.1458,0.2316,0.1856,0.437
R-1144,M-214,SMB,North America,13.3,No,8600,125,25,0.2,0.2232,13.3,65,4.8872,5.0555,12.2366,9.2902,10.4423,100,24,32,30,14,0.2446,0.2805,0.3063,0.1686
R-1145,M-214,SMB,North America,23.7,Yes,9400,183,69,0.377,0.3305,23.7,231,9.7468,9.942,10.3438,8.9099,10.3416,114,32,49,30,3,0.3228,0.4257,0.239,0.0126
R-1146,M-214,SMB,North America,15.6,No,6900,121,25,0.2066,0.2279,15.6,98,6.2821,4.8115,16.5557,10.5441,15.421,96,34,24,0,38,0.387,0.2154,0.0745,0.3231
R-1147,M-214,SMB,North America,28.6,No,8700,194,42,0.2165,0.2162,24.0,70,2.9167,3.3384,17.8491,10.3404,17.8259,152,34,61,14,43,0.1969,0.4333,0.105,0.2648
R-1148,M-214,SMB,North America,15.3,Yes,7900,104,70,0.6731,0.6766,15.3,123,8.0392,6.8486,13.4556,9.7191,14.9372,34,7,15,10,2,0.2376,0.4156,0.2443,0.1025
R-1149,M-214,SMB,North America,41.3,Yes,10400,199,91,0.4573,0.4829,24.0,200,8.3333,7.2954,17.9999,9.7668,16.2762,108,52,12,16,28,0.5453,0.0789,0.1964,0.1794
R-1150,M-214,SMB,North America,78.9,Yes,9700,266,127,0.4774,0.4781,24.0,93,3.875,3.6933,13.7919,9.8461,12.7117,139,17,70,37,15,0.1105,0.5084,0.2927,0.0885
R-1151,M-214,SMB,North America,21.5,No,10400,198,125,0.6313,0.5769,21.5,86,4.0,3.4651,14.1135,9.6901,14.1425,73,3,57,7,6,0.0213,0.8067,0.0993,0.0726
R-1152,M-214,SMB,North America,17.2,Yes,9800,112,35,0.3125,0.3096,17.2,124,7.2093,7.7737,14.7005,10.6429,14.2775,77,13,30,10,24,0.2099,0.3207,0.1234,0.346
R-1153,M-214,SMB,North America,43.4,Yes,7100,268,120,0.4478,0.4609,24.0,216,9.0,9.5502,16.4852,10.0502,15.5818,148,48,29,69,2,0.3548,0.2123,0.426,0.0068
R-1154,M-214,SMB,North America,11.8,No,8600,79,23,0.2911,0.3302,11.8,34,2.8814,3.549,10.6661,8.3107,10.7719,56,11,14,31,0,0.2296,0.2638,0.4818,0.0248
R-1155,M-214,SMB,North America,38.5,No,10100,183,91,0.4973,0.5131,24.0,76,3.1667,2.8124,15.247,9.1145,14.934,92,11,57,20,4,0.1896,0.5306,0.2462,0.0336
R-1156,M-214,SMB,North America,3.0,No,8700,10,3,0.3,0.312,3.0,13,4.3333,5.8363,13.8706,8.9194,12.8369,7,2,3,0,2,0.175,0.3715,0.3247,0.1288
R-1157,M-215,Enterprise,North America,36.1,No,163300,37,5,0.1351,0.1494,24.0,56,2.3333,2.3116,16.8216,7.895,16.5895,32,15,9,4,4,0.4792,0.2189,0.2248,0.077
R-1158,M-215,Enterprise,North America,84.7,Yes,165000,28,4,0.1429,0.2363,24.0,74,3.0833,3.4562,14.3372,8.8535,14.3419,24,15,3,5,1,0.4642,0.3118,0.207,0.017
R-1159,M-215,Enterprise,North America,22.7,Yes,162700,36,3,0.0833,0.0679,22.7,48,2.1145,1.814,8.3553,9.3995,7.6811,33,15,11,2,5,0.431,0.3543,0.1101,0.1045
R-1160,M-215,Enterprise,North America,12.5,Yes,242100,21,2,0.0952,0.0877,12.5,18,1.44,1.4982,8.7599,9.5015,10.3044,19,6,7,2,4,0.1985,0.5472,0.0677,0.1866
R-1161,M-215,Enterprise,North America,22.6,No,115900,35,2,0.0571,0.1294,22.6,40,1.7699,1.9973,11.0319,9.3749,11.4039,33,20,8,0,5,0.5718,0.2322,0.0685,0.1275
R-1162,M-215,Enterprise,North America,50.1,Yes,194500,34,4,0.1176,0.1476,24.0,46,1.9167,1.7232,12.7915,10.3579,9.3742,30,10,7,5,8,0.2649,0.363,0.1014,0.2706
R-1163,M-215,Enterprise,North America,19.7,No,239700,42,5,0.119,0.1646,19.7,76,3.8579,3.0602,12.6647,10.3655,13.8262,37,14,18,1,4,0.3999,0.445,0.0324,0.1227
R-1164,M-215,Enterprise,North America,5.5,No,203200,6,1,0.1667,0.1302,5.5,16,2.9091,2.0378,12.4978,12.4134,6.6959,5,3,0,2,0,0.5612,0.2049,0.1207,0.1132
R-1165,M-215,Enterprise,North America,13.7,No,178100,22,0,0.0,0.0459,13.7,46,3.3577,2.7706,11.5656,7.4675,13.6859,22,10,11,0,1,0.3221,0.5071,0.0765,0.0944
R-1166,M-215,Enterprise,North America,8.4,No,197700,11,0,0.0,0.0852,8.4,17,2.0238,1.9393,12.8728,10.142,13.033,11,3,4,3,1,0.4045,0.4651,0.1137,0.0167
R-1167,M-216,Mid-Market,EMEA,2.6,Yes,45800,5,3,0.6,0.2075,2.6,10,3.8462,2.8802,7.956,8.8022,12.8431,2,0,2,0,0,0.2134,0.4639,0.1122,0.2104
R-1168,M-216,Mid-Market,EMEA,85.8,Yes,39000,60,11,0.1833,0.2516,24.0,79,3.2917,3.9203,16.2547,9.9213,14.8689,49,16,17,12,4,0.3631,0.4002,0.1645,0.0722
R-1169,M-216,Mid-Market,EMEA,13.1,No,42600,56,16,0.2857,0.2148,13.1,24,1.8321,1.5918,13.2074,10.4373,14.6721,40,14,16,7,3,0.3571,0.3522,0.1987,0.092
R-1170,M-216,Mid-Market,EMEA,38.0,Yes,49400,53,7,0.1321,0.1329,24.0,63,2.625,2.403,10.283,8.8162,10.3996,46,11,6,11,18,0.2993,0.1393,0.2753,0.2861
R-1171,M-216,Mid-Market,EMEA,43.3,Yes,48200,92,28,0.3043,0.2311,24.0,63,2.625,2.4529,12.4324,10.5831,11.8456,64,13,33,2,16,0.1935,0.5115,0.0665,0.2285
R-1172,M-216,Mid-Market,EMEA,12.4,Yes,60600,26,4,0.1538,0.1067,12.4,71,5.7258,4.4024,15.8982,8.5956,11.4094,22,5,4,12,1,0.2297,0.2469,0.5068,0.0166
R-1173,M-216,Mid-Market,EMEA,8.7,Yes,39800,38,6,0.1579,0.1676,8.7,24,2.7586,2.4763,10.6991,8.7435,10.1895,32,13,2,17,0,0.3577,0.1184,0.4689,0.055
R-1174,M-216,Mid-Market,EMEA,10.3,No,46300,37,3,0.0811,0.0843,10.3,19,1.8447,2.3275,12.9264,10.1959,11.846,34,21,5,6,2,0.4785,0.2822,0.2086,0.0306
R-1175,M-216,Mid-Market,EMEA,45.2,Yes,23500,89,34,0.382,0.3845,24.0,97,4.0417,4.6068,15.7094,9.3104,14.3543,55,13,18,9,15,0.1112,0.3483,0.2017,0.3388
R-1176,M-216,Mid-Market,EMEA,35.6,Yes,42100,97,12,0.1237,0.1298,24.0,124,5.1667,5.9538,12.6685,10.5447,13.3448,85,33,45,0,7,0.3396,0.5321,0.0267,0.1017
R-1177,M-216,Mid-Market,EMEA,26.1,No,36600,61,12,0.1967,0.211,24.0,90,3.75,3.5214,11.043,9.6936,9.5853,49,18,8,21,2,0.3621,0.1191,0.4326,0.0862
R-1178,M-216,Mid-Market,EMEA,21.4,No,46700,91,13,0.1429,0.1113,21.4,90,4.2056,4.3602,11.2179,9.3278,10.2904,78,32,28,17,1,0.4112,0.3396,0.2407,0.0085
R-1179,M-216,Mid-Market,EMEA,14.7,No,35000,59,3,0.0508,0.053,14.7,48,3.2653,3.4969,13.418,8.0547,11.6496,56,12,27,10,7,0.1524,0.5115,0.1944,0.1417
R-1180,M-216,Mid-Market,EMEA,98.9,Yes,35100,69,23,0.3333,0.2845,24.0,91,3.7917,3.4558,16.1361,10.7452,14.3046,46,16,5,13,12,0.3509,0.1278,0.3211,0.2002
R-1181,M-216,Mid-Market,EMEA,27.3,No,41000,97,28,0.2887,0.2192,24.0,84,3.5,3.4311,15.1637,9.5692,14.7674,69,26,21,7,15,0.3634,0.3097,0.0685,0.2584
R-1182,M-216,Mid-Market,EMEA,7.5,No,29500,21,3,0.1429,0.1854,7.5,9,1.2,2.0147,10.4313,9.4744,11.6828,18,6,4,7,1,0.4355,0.2109,0.3014,0.0522
R-1183,M-216,Mid-Market,EMEA,21.8,Yes,42700,95,32,0.3368,0.2023,21.8,94,4.3119,4.202,14.5682,9.1835,13.6838,63,23,16,19,5,0.3582,0.345,0.2324,0.0644
R-1184,M-217,Enterprise,North America,16.1,Yes,223400,18,6,0.3333,0.2673,16.1,46,2.8571,2.706,15.2262,6.7302,12.3702,12,7,2,0,3,0.3848,0.2616,0.0895,0.2641
R-1185,M-217,Enterprise,North America,39.8,Yes,228300,31,15,0.4839,0.3848,24.0,51,2.125,2.1752,13.5442,11.7823,12.9547,16,5,5,3,3,0.3194,0.4095,0.0793,0.1919
R-1186,M-217,Enterprise,North America,48.8,No,184100,29,11,0.3793,0.2152,24.0,77,3.2083,3.1481,14.2177,10.8808,11.1878,18,4,6,5,3,0.4222,0.1711,0.2255,0.1812
R-1187,M-217,Enterprise,North America,7.9,Yes,210200,3,0,0.0,0.0911,7.9,25,3.1646,2.7937,11.4235,1.8669,11.0696,3,2,0,0,1,0.4679,0.2786,0.1886,0.0649
R-1188,M-217,Enterprise,North America,91.1,Yes,238200,26,7,0.2692,0.1714,24.0,40,1.6667,1.7619,13.2465,8.9219,12.2442,19,8,8,2,1,0.4296,0.3821,0.1148,0.0735
R-1189,M-217,Enterprise,North America,25.4,No,180600,36,5,0.1389,0.1904,24.0,39,1.625,1.6907,17.5222,11.1503,15.2481,31,15,14,0,2,0.5156,0.3261,0.0165,0.1417
R-1190,M-217,Enterprise,North America,8.5,No,196200,12,4,0.3333,0.1635,8.5,28,3.2941,3.3357,20.5415,6.574,16.3188,8,7,0,0,1,0.7291,0.1198,0.0366,0.1145
R-1191,M-217,Enterprise,North America,39.4,No,234100,39,1,0.0256,0.0676,24.0,40,1.6667,1.5213,14.4897,9.7486,14.0148,38,20,14,1,3,0.4908,0.2273,0.1137,0.1682
R-1192,M-217,Enterprise,North America,57.6,Yes,233700,19,5,0.2632,0.2071,24.0,53,2.2083,2.1817,9.7079,9.3042,10.6842,14,6,6,2,0,0.4184,0.4283,0.0883,0.065
R-1193,M-217,Enterprise,North America,61.7,Yes,156800,20,9,0.45,0.3693,24.0,58,2.4167,2.2159,10.1589,7.4057,11.8416,11,2,2,5,2,0.3224,0.2279,0.3157,0.1339
R-1194,M-217,Enterprise,North America,10.8,No,194700,12,0,0.0,0.041,10.8,37,3.4259,3.6642,5.0304,5.7308,9.4396,12,5,2,3,2,0.3571,0.3847,0.0908,0.1674
R-1195,M-217,Enterprise,North America,27.7,No,179200,37,7,0.1892,0.2864,24.0,60,2.5,2.1006,9.7141,7.9202,10.4208,30,8,15,1,6,0.3632,0.4436,0.0411,0.152
R-1196,M-217,Enterprise,North America,37.7,Yes,199200,29,2,0.069,0.1019,24.0,32,1.3333,1.4859,12.6639,11.3903,12.1707,27,19,3,2,3,0.6966,0.065,0.0482,0.1902
R-1197,M-217,Enterprise,North America,24.7,No,179500,10,2,0.2,0.1923,24.0,63,2.625,2.4209,9.3724,14.0958,10.7987,8,4,1,3,0,0.4572,0.1647,0.1747,0.2035
R-1198,M-217,Enterprise,North America,7.4,No,157900,10,2,0.2,0.1846,7.4,37,5.0,3.7329,5.2063,6.0976,8.8644,8,2,2,0,4,0.3529,0.2621,0.1786,0.2064
R-1199,M-217,Enterprise,North America,29.6,Yes,154900,35,11,0.3143,0.2055,24.0,63,2.625,2.4581,15.7355,8.2207,14.4647,24,14,3,2,5,0.504,0.2901,0.0659,0.14
R-1200,M-218,Mid-Market,APAC,24.7,No,51700,87,17,0.1954,0.1791,24.0,132,5.5,5.6618,12.1893,10.5321,13.1185,70,21,22,8,19,0.3066,0.2812,0.1509,0.2613
R-1201,M-218,Mid-Market,APAC,12.4,Yes,40800,52,4,0.0769,0.1637,12.4,30,2.4194,2.5437,17.3689,10.0698,17.1215,48,15,11,16,6,0.2705,0.182,0.3064,0.2411
R-1202,M-218,Mid-Market,APAC,61.8,Yes,37600,82,24,0.2927,0.3148,24.0,64,2.6667,3.0376,11.0606,8.8283,9.9784,58,21,11,8,18,0.4507,0.1633,0.0768,0.3092
R-1203,M-218,Mid-Market,APAC,9.9,No,35700,36,5,0.1389,0.1647,9.9,42,4.2424,3.7388,14.1436,9.6966,12.4834,31,5,6,8,12,0.2503,0.2334,0.2502,0.2661
R-1204,M-218,Mid-Market,APAC,13.5,Yes,42900,52,12,0.2308,0.2357,13.5,54,4.0,3.5221,13.4346,9.8449,11.916,40,11,22,4,3,0.3484,0.4656,0.0553,0.1308
R-1205,M-218,Mid-Market,APAC,47.5,Yes,44500,111,52,0.4685,0.4453,24.0,127,5.2917,5.7523,12.15,9.3516,11.9849,59,13,29,12,5,0.2711,0.4028,0.2435,0.0826
R-1206,M-218,Mid-Market,APAC,7.2,Yes,38100,21,5,0.2381,0.2377,7.2,21,2.9167,2.938,7.1952,6.6328,6.8323,16,6,5,1,4,0.3234,0.4073,0.14,0.1294
R-1207,M-218,Mid-Market,APAC,8.0,No,47800,22,7,0.3182,0.1677,8.0,22,2.75,3.0006,15.6504,9.6937,14.9344,15,4,10,0,1,0.2857,0.5582,0.098,0.0581
R-1208,M-218,Mid-Market,APAC,52.7,No,46900,66,21,0.3182,0.3174,24.0,78,3.25,2.713,16.9309,9.8379,16.1433,45,19,5,8,13,0.3508,0.146,0.2342,0.269
R-1209,M-218,Mid-Market,APAC,26.4,No,31700,83,16,0.1928,0.2898,24.0,91,3.7917,4.5001,9.1828,8.8362,7.7378,67,16,31,8,12,0.2692,0.4234,0.0889,0.2185
R-1210,M-218,Mid-Market,APAC,14.2,Yes,38800,48,10,0.2083,0.1803,14.2,66,4.6479,4.5429,9.7775,9.1253,9.9789,38,13,15,10,0,0.2861,0.3912,0.2805,0.0423
R-1211,M-218,Mid-Market,APAC,34.1,Yes,30400,91,26,0.2857,0.2385,24.0,70,2.9167,2.6142,9.6799,8.6579,8.8575,65,11,37,3,14,0.2327,0.5644,0.0484,0.1544
R-1212,M-218,Mid-Market,APAC,47.8,No,33300,72,15,0.2083,0.2937,24.0,117,4.875,4.6041,14.9291,10.2423,16.5499,57,23,19,8,7,0.4161,0.3274,0.1106,0.1459
R-1213,M-218,Mid-Market,APAC,13.5,No,35600,42,10,0.2381,0.1345,13.5,70,5.1852,5.7729,14.7354,11.0686,13.2477,32,18,3,10,1,0.5108,0.1189,0.3153,0.055
R-1214,M-218,Mid-Market,APAC,21.3,No,51100,30,12,0.4,0.4595,21.3,62,2.9108,3.3059,12.5878,10.3868,11.4285,18,2,7,5,4,0.2056,0.2354,0.1477,0.4113
R-1215,M-219,SMB,EMEA,27.7,Yes,7500,192,76,0.3958,0.3609,24.0,53,2.2083,2.5379,15.3424,9.6923,14.7538,116,18,40,45,13,0.2219,0.3534,0.3023,0.1224
R-1216,M-219,SMB,EMEA,25.8,Yes,5800,155,39,0.2516,0.2924,24.0,141,5.875,6.156,11.23,9.5405,10.3996,116,18,53,28,17,0.1492,0.4324,0.2558,0.1625
R-1217,M-219,SMB,EMEA,13.1,Yes,12700,83,33,0.3976,0.3858,13.1,53,4.0458,4.474,15.9332,8.498,16.3672,50,10,8,13,19,0.2143,0.1717,0.2875,0.3265
R-1218,M-219,SMB,EMEA,37.2,Yes,10800,153,72,0.4706,0.4116,24.0,87,3.625,3.7301,12.8734,11.2055,10.8389,81,40,5,21,15,0.3629,0.157,0.3175,0.1627
R-1219,M-219,SMB,EMEA,27.3,Yes,6700,221,58,0.2624,0.2393,24.0,196,8.1667,9.063,12.3575,10.1197,11.7608,163,32,44,33,54,0.1551,0.2799,0.213,0.352
R-1220,M-219,SMB,EMEA,11.6,No,8500,86,22,0.2558,0.256,11.6,76,6.5517,6.2913,8.7489,8.6402,8.0884,64,24,13,14,13,0.3103,0.2785,0.2163,0.1949
R-1221,M-219,SMB,EMEA,2.5,No,6700,8,3,0.375,0.217,2.5,22,8.8,7.9416,16.8898,10.2586,11.0654,5,1,0,2,2,0.1793,0.1357,0.3817,0.3033
R-1222,M-219,SMB,EMEA,10.3,Yes,9900,67,32,0.4776,0.4437,10.3,48,4.6602,3.7229,13.5311,9.2103,13.9784,35,8,18,7,2,0.1744,0.4643,0.1587,0.2025
R-1223,M-219,SMB,EMEA,11.6,Yes,7800,56,13,0.2321,0.278,11.6,68,5.8621,5.3288,14.4063,9.1198,13.4772,43,3,7,20,13,0.1659,0.1348,0.4093,0.29
R-1224,M-219,SMB,EMEA,19.3,No,10700,87,18,0.2069,0.2311,19.3,166,8.601,8.3896,14.9509,9.667,15.9125,69,5,23,32,9,0.1216,0.433,0.3584,0.087
R-1225,M-219,SMB,EMEA,66.4,Yes,8100,194,108,0.5567,0.4931,24.0,124,5.1667,5.401,17.7367,11.3488,16.8231,86,10,28,20,28,0.1486,0.307,0.2935,0.2509
R-1226,M-219,SMB,EMEA,3.4,No,10100,11,6,0.5455,0.2546,3.4,25,7.3529,7.5646,7.7633,10.2242,10.7186,5,0,2,2,1,0.1791,0.3009,0.2035,0.3165
R-1227,M-219,SMB,EMEA,24.7,No,11100,80,21,0.2625,0.2846,24.0,148,6.1667,5.9751,11.0912,9.8092,9.4526,59,26,19,14,0,0.4062,0.3682,0.2199,0.0057
R-1228,M-219,SMB,EMEA,8.0,No,6900,72,12,0.1667,0.2318,8.0,66,8.25,7.3563,14.3224,10.52,12.3874,60,27,17,14,2,0.5146,0.2223,0.1845,0.0786
R-1229,M-219,SMB,EMEA,2.7,Yes,8400,8,2,0.25,0.3318,2.7,25,9.2593,8.8466,15.5487,13.773,11.4047,6,1,1,3,1,0.3161,0.1731,0.3594,0.1514
R-1230,M-219,SMB,EMEA,5.0,No,10200,25,6,0.24,0.2703,5.0,27,5.4,6.6328,12.5691,8.7251,10.56,19,7,8,2,2,0.3415,0.3221,0.1731,0.1633
R-1231,M-219,SMB,EMEA,8.7,No,7900,79,6,0.0759,0.151,8.7,63,7.2414,7.157,8.2876,7.4582,6.0684,73,7,29,14,23,0.076,0.4652,0.164,0.2949
R-1232,M-219,SMB,EMEA,59.9,No,11100,127,44,0.3465,0.4252,24.0,162,6.75,6.8487,18.2768,10.2997,17.8924,83,7,24,34,18,0.066,0.3694,0.3822,0.1824
R-1233,M-220,SMB,EMEA,7.1,No,10600,49,16,0.3265,0.4513,7.1,31,4.3662,5.2579,11.5395,9.2049,14.1129,33,8,12,3,10,0.2083,0.3378,0.209,0.2449
R-1234,M-220,SMB,EMEA,63.6,Yes,6700,141,105,0.7447,0.7451,24.0,162,6.75,7.1126,12.2101,8.8668,10.0764,36,7,9,10,10,0.2498,0.2587,0.3354,0.1561
R-1235,M-220,SMB,EMEA,8.9,No,5100,73,31,0.4247,0.3257,8.9,61,6.8539,5.7396,13.502,8.9309,13.0814,42,10,20,6,6,0.1624,0.5036,0.1593,0.1747
R-1236,M-220,SMB,EMEA,33.1,Yes,8900,178,112,0.6292,0.5528,24.0,104,4.3333,4.6297,10.5944,8.7109,8.0191,66,12,23,25,6,0.1121,0.3139,0.5115,0.0624
R-1237,M-220,SMB,EMEA,10.7,Yes,6600,67,23,0.3433,0.3988,10.7,47,4.3925,5.1586,16.8373,10.6684,15.6972,44,11,13,14,6,0.2697,0.2895,0.3229,0.1179
R-1238,M-220,SMB,EMEA,10.3,No,9900,66,23,0.3485,0.4118,10.3,95,9.2233,8.8121,9.249,8.8409,7.4075,43,16,15,11,1,0.4085,0.3162,0.1998,0.0755
R-1239,M-220,SMB,EMEA,11.6,No,8900,83,27,0.3253,0.28,11.6,91,7.8448,8.3937,13.4357,10.8634,12.928,56,10,15,25,6,0.1594,0.2406,0.3647,0.2353
R-1240,M-220,SMB,EMEA,9.3,Yes,13300,60,31,0.5167,0.5641,9.3,37,3.9785,5.0581,16.9806,10.861,11.7614,29,4,4,14,7,0.1547,0.0762,0.4487,0.3204
R-1241,M-220,SMB,EMEA,22.5,Yes,8900,112,63,0.5625,0.5343,22.5,113,5.0222,4.669,12.6463,9.7972,12.0144,49,4,22,17,6,0.1411,0.4679,0.2673,0.1238
R-1242,M-220,SMB,EMEA,8.7,Yes,8500,64,26,0.4062,0.4477,8.7,30,3.4483,4.3058,17.9414,10.3282,18.7035,38,14,4,10,10,0.3163,0.2012,0.2179,0.2646
R-1243,M-220,SMB,EMEA,10.0,No,9900,99,22,0.2222,0.2379,10.0,38,3.8,4.5267,12.471,9.4044,11.9473,77,9,31,20,17,0.1513,0.3701,0.203,0.2755
R-1244,M-220,SMB,EMEA,11.4,No,6500,58,24,0.4138,0.4308,11.4,51,4.4737,4.4622,9.8464,9.5511,8.1409,34,12,16,6,0,0.3519,0.4146,0.2073,0.0262
R-1245,M-220,SMB,EMEA,32.9,No,9900,214,59,0.2757,0.295,24.0,183,7.625,7.6293,10.2119,9.0837,9.9427,155,34,49,66,6,0.2782,0.2823,0.3943,0.0452
R-1246,M-220,SMB,EMEA,2.2,No,10900,8,3,0.375,0.3124,2.2,12,5.4545,5.7084,14.483,12.4973,10.8145,5,3,1,1,0,0.3611,0.312,0.2729,0.0541
R-1247,M-220,SMB,EMEA,58.9,Yes,8300,139,59,0.4245,0.4608,24.0,206,8.5833,8.6473,13.1769,9.5526,11.0759,80,18,11,40,11,0.2533,0.1256,0.5276,0.0936
R-1248,M-220,SMB,EMEA,43.8,Yes,9400,223,58,0.2601,0.32,24.0,145,6.0417,6.3598,13.6828,9.5835,12.2615,165,20,53,77,15,0.098,0.3116,0.4434,0.1469
R-1249,M-220,SMB,EMEA,62.1,Yes,6700,121,69,0.5702,0.564,24.0,127,5.2917,5.4931,12.0077,9.3838,13.1329,52,7,23,16,6,0.2033,0.322,0.2828,0.1919
R-1250,M-221,Enterprise,North America,22.6,No,173900,31,4,0.129,0.0896,22.6,61,2.6991,2.6109,19.4618,9.9865,16.8842,27,9,11,2,5,0.2715,0.3794,0.1453,0.2037
R-1251,M-221,Enterprise,North America,11.2,Yes,171500,24,1,0.0417,0.0185,11.2,15,1.3393,1.6667,13.0503,8.6866,13.3106,23,6,9,3,5,0.2875,0.4545,0.0624,0.1955
R-1252,M-221,Enterprise,North America,27.9,Yes,206400,33,2,0.0606,0.0411,24.0,53,2.2083,2.4339,13.8381,10.2951,11.6352,31,14,13,1,3,0.4212,0.4103,0.0533,0.1152
R-1253,M-221,Enterprise,North America,16.7,Yes,144600,24,5,0.2083,0.0771,16.7,36,2.1557,1.5579,15.9118,9.8558,12.4367,19,7,5,6,1,0.4054,0.2787,0.2334,0.0825
R-1254,M-221,Enterprise,North America,20.3,No,220800,25,7,0.28,0.155,20.3,28,1.3793,1.6924,5.5563,7.5816,2.7954,18,9,6,0,3,0.4641,0.3127,0.0318,0.1915
R-1255,M-221,Enterprise,North America,25.0,No,183300,39,0,0.0,0.0427,24.0,82,3.4167,2.4515,15.3936,8.0584,12.883,39,13,16,3,7,0.4399,0.3519,0.0631,0.1451
R-1256,M-221,Enterprise,North America,35.0,Yes,151600,51,1,0.0196,0.0898,24.0,51,2.125,2.1251,14.785,10.6228,14.0992,50,17,24,3,6,0.2172,0.5316,0.0514,0.1998
R-1257,M-221,Enterprise,North America,16.1,No,153800,21,1,0.0476,0.0455,16.1,30,1.8634,2.4513,17.1788,11.3413,13.568,20,12,8,0,0,0.4784,0.4626,0.013,0.046
R-1258,M-221,Enterprise,North America,13.5,No,218800,18,2,0.1111,0.0545,13.5,22,1.6296,1.5911,16.1845,8.8186,15.7924,16,6,5,2,3,0.2999,0.3166,0.2241,0.1594
R-1259,M-221,Enterprise,North America,26.9,No,151500,43,2,0.0465,0.0642,24.0,44,1.8333,2.0154,13.8241,10.9086,14.323,41,17,11,4,9,0.4159,0.3334,0.0319,0.2188
R-1260,M-221,Enterprise,North America,30.3,Yes,158100,23,2,0.087,0.0705,24.0,90,3.75,3.0816,14.3309,8.301,14.3303,21,15,6,0,0,0.6086,0.3356,0.0063,0.0495
R-1261,M-221,Enterprise,North America,17.2,Yes,135800,20,0,0.0,0.029,17.2,52,3.0233,3.0204,13.7184,10.1378,12.3897,20,7,7,1,5,0.5187,0.2928,0.0656,0.1229
R-1262,M-221,Enterprise,North America,2.3,No,209600,3,1,0.3333,0.0635,2.3,7,3.0435,1.9844,15.3905,2.7445,13.9729,2,1,1,0,0,0.6407,0.1214,0.0402,0.1977
R-1263,M-221,Enterprise,North America,24.3,No,176300,45,6,0.1333,0.0965,24.0,107,4.4583,3.986,8.7961,9.6077,8.1583,39,18,9,6,6,0.531,0.2776,0.0916,0.0998
R-1264,M-221,Enterprise,North America,11.5,No,200000,17,2,0.1176,0.0673,11.5,7,0.6087,0.9617,11.3924,10.9168,10.0721,15,5,7,0,3,0.4518,0.3485,0.0515,0.1482
R-1265,M-222,SMB,APAC,53.7,Yes,8900,220,81,0.3682,0.3635,24.0,117,4.875,4.9624,10.4902,9.1503,9.8983,139,19,31,75,14,0.2278,0.2088,0.4508,0.1126
R-1266,M-222,SMB,APAC,14.3,No,9300,150,22,0.1467,0.1742,14.3,110,7.6923,7.4097,13.2484,9.1615,13.3029,128,22,45,36,25,0.1664,0.4128,0.2469,0.1739
R-1267,M-222,SMB,APAC,27.0,No,8700,188,43,0.2287,0.1663,24.0,169,7.0417,7.2273,16.253,10.0897,14.5195,145,40,57,21,27,0.251,0.4237,0.1268,0.1985
R-1268,M-222,SMB,APAC,11.2,Yes,10200,81,38,0.4691,0.3488,11.2,45,4.0179,4.8048,11.588,9.5374,12.0717,43,11,9,11,12,0.206,0.2014,0.3254,0.2672
R-1269,M-222,SMB,APAC,46.6,Yes,6900,165,79,0.4788,0.4439,24.0,137,5.7083,5.6423,15.0474,10.3922,13.1873,86,5,47,26,8,0.0812,0.5512,0.2491,0.1184
R-1270,M-222,SMB,APAC,51.0,Yes,6100,138,55,0.3986,0.4288,24.0,180,7.5,7.2757,11.747,10.694,9.3865,83,20,26,21,16,0.2733,0.3078,0.2476,0.1713
R-1271,M-222,SMB,APAC,11.8,No,10400,122,60,0.4918,0.459,11.8,67,5.678,4.4141,12.4168,10.1189,12.0856,62,13,27,11,11,0.2553,0.434,0.1225,0.1882
R-1272,M-222,SMB,APAC,15.7,No,9600,118,38,0.322,0.2918,15.7,100,6.3694,5.7853,11.3101,10.0947,9.19,80,21,40,15,4,0.2382,0.5044,0.1805,0.0769
R-1273,M-222,SMB,APAC,11.9,No,9300,43,9,0.2093,0.2411,11.9,63,5.2941,6.1285,11.4632,11.0446,9.9582,34,8,18,5,3,0.2092,0.4604,0.1035,0.2268
R-1274,M-222,SMB,APAC,11.2,No,8300,87,19,0.2184,0.2294,11.2,45,4.0179,4.3813,16.2627,10.9902,14.7627,68,8,24,27,9,0.1967,0.3686,0.3393,0.0953
R-1275,M-222,SMB,APAC,6.6,Yes,9300,47,10,0.2128,0.1931,6.6,23,3.4848,3.0829,13.0189,10.1003,12.5133,37,4,23,10,0,0.2133,0.5422,0.2409,0.0036
R-1276,M-223,SMB,EMEA,4.0,Yes,9400,23,2,0.087,0.1291,4.0,16,4.0,3.8868,16.8001,10.2414,16.552,21,13,5,2,1,0.4179,0.3254,0.2252,0.0315
R-1277,M-223,SMB,EMEA,11.0,No,8400,45,3,0.0667,0.1071,11.0,43,3.9091,4.1941,15.1347,10.1577,15.1556,42,10,15,5,12,0.2853,0.3614,0.1052,0.248
R-1278,M-223,SMB,EMEA,24.2,Yes,9300,189,64,0.3386,0.288,24.0,171,7.125,7.3049,16.4365,11.2897,15.9126,125,54,52,13,6,0.3677,0.4381,0.1646,0.0296
R-1279,M-223,SMB,EMEA,104.0,Yes,5900,122,36,0.2951,0.33,24.0,136,5.6667,5.8978,9.9996,8.6585,7.4692,86,21,43,9,13,0.2326,0.4996,0.1196,0.1482
R-1280,M-223,SMB,EMEA,17.5,No,8400,150,22,0.1467,0.1041,17.5,104,5.9429,6.9839,14.3995,9.4592,14.3347,128,23,50,21,34,0.203,0.3751,0.1388,0.2831
R-1281,M-223,SMB,EMEA,22.4,Yes,6700,146,18,0.1233,0.1471,22.4,175,7.8125,7.5908,11.2386,9.2557,11.6319,128,51,45,28,4,0.3742,0.3818,0.207,0.037
R-1282,M-223,SMB,EMEA,87.0,Yes,8800,240,77,0.3208,0.3112,24.0,207,8.625,7.3426,12.548,9.6742,12.6556,163,25,14,118,6,0.1653,0.122,0.6718,0.0408
R-1283,M-223,SMB,EMEA,14.0,Yes,7100,107,19,0.1776,0.1449,14.0,66,4.7143,4.462,16.2073,10.2722,13.6961,88,20,19,15,34,0.2668,0.3058,0.1917,0.2357
R-1284,M-223,SMB,EMEA,4.7,Yes,7600,19,3,0.1579,0.2295,4.7,29,6.1702,4.8501,12.3445,9.8945,13.0308,16,0,7,7,2,0.1172,0.2294,0.4195,0.2339
R-1285,M-223,SMB,EMEA,28.9,No,9500,194,40,0.2062,0.2138,24.0,98,4.0833,3.9417,14.0905,10.6603,12.2885,154,37,41,54,22,0.2678,0.3008,0.27,0.1613
R-1286,M-223,SMB,EMEA,34.2,No,9300,176,44,0.25,0.2647,24.0,210,8.75,8.9172,13.3998,9.863,12.8298,132,39,16,62,15,0.2778,0.1395,0.4557,0.127
R-1287,M-224,Mid-Market,APAC,16.0,No,46100,60,19,0.3167,0.2415,16.0,23,1.4375,2.0449,14.9549,10.1244,12.9279,41,8,18,11,4,0.2649,0.4625,0.1637,0.1089
R-1288,M-224,Mid-Market,APAC,3.8,No,44800,9,2,0.2222,0.0922,3.8,12,3.1579,4.074,17.6759,9.7366,17.9926,7,0,6,1,0,0.2635,0.5344,0.1819,0.0202
R-1289,M-224,Mid-Market,APAC,45.8,Yes,40400,88,27,0.3068,0.3152,24.0,92,3.8333,3.981,10.8926,9.0249,7.7809,61,5,32,17,7,0.1706,0.4522,0.231,0.1463
R-1290,M-224,Mid-Market,APAC,10.3,No,52600,41,4,0.0976,0.1663,10.3,58,5.6311,3.5724,15.2913,10.2844,16.3332,37,5,6,18,8,0.1318,0.2903,0.5149,0.063
R-1291,M-224,Mid-Market,APAC,3.7,No,39100,9,1,0.1111,0.27,3.7,25,6.7568,5.0816,5.3724,5.9136,7.588,8,3,3,1,1,0.3597,0.2924,0.2635,0.0844
R-1292,M-224,Mid-Market,APAC,14.7,No,36800,55,10,0.1818,0.1349,14.7,83,5.6463,6.6901,9.8956,10.4599,7.6602,45,9,26,1,9,0.2298,0.557,0.0333,0.1798
R-1293,M-224,Mid-Market,APAC,44.1,No,51200,85,21,0.2471,0.239,24.0,100,4.1667,3.4491,5.3283,6.3152,4.7826,64,37,21,2,4,0.5311,0.4236,0.0185,0.0269
R-1294,M-224,Mid-Market,APAC,3.1,No,28800,3,1,0.3333,0.1503,3.1,12,3.871,4.3755,24.9284,4.7454,17.1779,2,1,1,0,0,0.1391,0.6917,0.0763,0.093
R-1295,M-224,Mid-Market,APAC,31.5,Yes,44500,93,27,0.2903,0.368,24.0,83,3.4583,3.3128,11.7982,10.3013,11.2758,66,40,15,8,3,0.5822,0.2724,0.1025,0.043
R-1296,M-224,Mid-Market,APAC,15.6,Yes,34600,57,22,0.386,0.2633,15.6,82,5.2564,4.5568,20.3366,10.3605,18.7536,35,15,7,5,8,0.3874,0.2656,0.126,0.221
R-1297,M-224,Mid-Market,APAC,4.8,No,46900,10,1,0.1,0.1577,4.8,38,7.9167,5.4026,8.6859,6.7896,14.8091,9,3,3,2,1,0.508,0.2622,0.1563,0.0735
R-1298,M-224,Mid-Market,APAC,21.8,No,44000,83,28,0.3373,0.3545,21.8,51,2.3394,2.8594,7.7162,7.3251,7.5668,55,24,22,3,6,0.4533,0.4003,0.0513,0.0951
R-1299,M-224,Mid-Market,APAC,10.4,Yes,45800,29,4,0.1379,0.1922,10.4,36,3.4615,2.9483,15.1246,8.1844,15.5714,25,5,18,2,0,0.2222,0.5962,0.1171,0.0644
R-1300,M-224,Mid-Market,APAC,55.9,Yes,35000,76,19,0.25,0.2226,24.0,144,6.0,5.3735,13.3396,9.2036,12.7163,57,5,22,27,3,0.1738,0.397,0.3742,0.055
R-1301,M-224,Mid-Market,APAC,5.4,No,49700,13,3,0.2308,0.2637,5.4,27,5.0,4.2727,17.9253,10.1914,16.4821,10,3,6,1,0,0.5086,0.3551,0.084,0.0522
R-1302,M-224,Mid-Market,APAC,45.3,Yes,34900,74,10,0.1351,0.233,24.0,84,3.5,3.4093,11.082,10.0064,8.4284,64,32,28,3,1,0.5488,0.391,0.0314,0.0288
R-1303,M-224,Mid-Market,APAC,11.6,Yes,36800,42,10,0.2381,0.2289,11.6,31,2.6724,3.1909,15.026,10.5261,15.1919,32,6,12,4,10,0.1859,0.4168,0.0578,0.3396
R-1304,M-225,Enterprise,APAC,34.9,Yes,185700,38,2,0.0526,0.0689,24.0,47,1.9583,2.4891,9.9967,9.2416,7.9478,36,12,16,4,4,0.3815,0.3694,0.0716,0.1775
R-1305,M-225,Enterprise,APAC,24.3,No,225600,27,4,0.1481,0.0765,24.0,37,1.5417,1.2252,8.5669,9.5435,9.0359,23,7,6,3,7,0.2618,0.3297,0.1275,0.2809
R-1306,M-225,Enterprise,APAC,10.1,No,176200,15,0,0.0,0.0677,10.1,20,1.9802,1.8614,13.0417,11.6282,14.0935,15,12,1,0,2,0.7229,0.1883,0.0168,0.0721
R-1307,M-225,Enterprise,APAC,8.8,No,194800,10,0,0.0,0.1619,8.8,28,3.1818,2.3725,14.1036,9.6906,16.7089,10,2,7,0,1,0.4418,0.4224,0.0078,0.1281
R-1308,M-225,Enterprise,APAC,59.9,Yes,185900,28,3,0.1071,0.0809,24.0,42,1.75,1.9295,11.893,8.9723,11.2378,25,13,10,0,2,0.5554,0.2667,0.035,0.1428
R-1309,M-225,Enterprise,APAC,9.4,No,204400,11,0,0.0,0.0995,9.4,21,2.234,2.2127,13.9869,11.0079,11.0598,11,8,2,0,1,0.6096,0.1944,0.0539,0.142
R-1310,M-225,Enterprise,APAC,14.7,Yes,148600,9,1,0.1111,0.065,14.7,31,2.1088,1.7506,12.7898,8.4892,13.7335,8,2,1,1,4,0.4757,0.1757,0.1264,0.2223
R-1311,M-225,Enterprise,APAC,22.6,Yes,199800,37,4,0.1081,0.0898,22.6,61,2.6991,3.4526,8.0295,7.3784,8.7507,33,10,12,7,4,0.276,0.4366,0.201,0.0864
R-1312,M-225,Enterprise,APAC,6.9,No,131000,4,0,0.0,0.1093,6.9,17,2.4638,3.0764,14.2783,13.5176,14.7422,4,4,0,0,0,0.4532,0.3725,0.0616,0.1128
R-1313,M-225,Enterprise,APAC,4.9,Yes,162200,5,0,0.0,0.103,4.9,16,3.2653,3.3929,9.4371,7.2367,12.0685,5,4,0,0,1,0.6785,0.1234,0.1097,0.0885
R-1314,M-225,Enterprise,APAC,24.6,No,222500,32,4,0.125,0.1333,24.0,35,1.4583,1.5185,15.1852,8.1716,15.7818,28,10,14,1,3,0.3515,0.5186,0.0477,0.0822
R-1315,M-225,Enterprise,APAC,20.9,Yes,204000,33,8,0.2424,0.184,20.9,46,2.201,1.8917,16.9412,12.2319,11.9102,25,8,8,4,5,0.3007,0.3078,0.1713,0.2202
R-1316,M-225,Enterprise,APAC,8.0,No,199400,13,0,0.0,0.063,8.0,9,1.125,1.5123,13.5301,11.2871,13.2937,13,6,6,0,1,0.5169,0.3264,0.0106,0.1461
R-1317,M-225,Enterprise,APAC,14.3,Yes,192000,15,3,0.2,0.1572,14.3,41,2.8671,2.3901,8.5204,10.0352,12.6884,12,5,4,2,1,0.5096,0.3194,0.1387,0.0323
R-1318,M-225,Enterprise,APAC,14.7,No,118200,16,0,0.0,0.0789,14.7,46,3.1293,2.4398,11.595,8.2193,12.2278,16,6,5,1,4,0.3619,0.269,0.094,0.2752
R-1319,M-225,Enterprise,APAC,79.9,Yes,149900,27,5,0.1852,0.3834,24.0,63,2.625,1.9763,10.8634,9.0485,11.5856,22,15,1,0,6,0.6969,0.1053,0.038,0.1598
R-1320,M-226,Mid-Market,APAC,27.8,Yes,34600,66,29,0.4394,0.5241,24.0,135,5.625,5.5501,12.9134,9.5424,12.533,37,5,21,2,9,0.2885,0.3877,0.0952,0.2286
R-1321,M-226,Mid-Market,APAC,37.6,No,33600,95,35,0.3684,0.358,24.0,102,4.25,3.9846,18.4245,8.6552,19.5594,60,22,26,6,6,0.3046,0.3794,0.2239,0.0921
R-1322,M-226,Mid-Market,APAC,17.4,No,42200,77,17,0.2208,0.1966,17.4,69,3.9655,4.4781,12.1997,9.8648,9.5585,60,23,5,22,10,0.4148,0.1201,0.3857,0.0793
R-1323,M-226,Mid-Market,APAC,22.9,No,48800,56,16,0.2857,0.374,22.9,87,3.7991,3.3063,10.3499,8.578,9.9638,40,15,23,1,1,0.4848,0.3811,0.1022,0.032
R-1324,M-226,Mid-Market,APAC,16.3,No,45200,56,12,0.2143,0.2894,16.3,61,3.7423,4.1749,10.8969,8.4,10.602,44,14,6,21,3,0.2442,0.2355,0.4565,0.0639
R-1325,M-226,Mid-Market,APAC,9.8,No,31600,33,14,0.4242,0.3638,9.8,25,2.551,2.5238,19.4921,12.4571,17.067,19,6,1,10,2,0.309,0.0987,0.4416,0.1508
R-1326,M-226,Mid-Market,APAC,10.2,Yes,41800,30,10,0.3333,0.3886,10.2,28,2.7451,2.9676,14.1363,10.4195,14.9092,20,13,2,5,0,0.4896,0.2398,0.2468,0.0237
R-1327,M-226,Mid-Market,APAC,8.1,No,45500,19,16,0.8421,0.4481,8.1,40,4.9383,4.7362,13.7174,8.9485,10.9441,3,2,1,0,0,0.4735,0.2684,0.1926,0.0655
R-1328,M-227,SMB,EMEA,30.6,Yes,8800,150,57,0.38,0.3725,24.0,126,5.25,6.2818,12.438,9.2558,12.1468,93,4,40,26,23,0.0809,0.4503,0.2358,0.233
R-1329,M-227,SMB,EMEA,5.4,No,8400,27,8,0.2963,0.2353,5.4,41,7.5926,8.4158,10.7847,9.2344,10.3486,19,9,4,5,1,0.5095,0.3022,0.129,0.0592
R-1330,M-227,SMB,EMEA,10.5,No,11300,65,19,0.2923,0.2673,10.5,89,8.4762,8.5989,15.1502,10.3811,14.7134,46,14,15,10,7,0.3137,0.3601,0.1988,0.1274
R-1331,M-227,SMB,EMEA,4.0,Yes,6300,14,2,0.1429,0.2523,4.0,16,4.0,4.9695,14.1141,12.643,15.7426,12,2,8,1,1,0.4065,0.3731,0.076,0.1444
R-1332,M-227,SMB,EMEA,13.4,No,6800,119,38,0.3193,0.2829,13.4,54,4.0299,4.5197,10.0621,9.1829,8.2248,81,37,34,8,2,0.4205,0.406,0.1214,0.0521
R-1333,M-227,SMB,EMEA,5.2,No,10500,34,5,0.1471,0.2021,5.2,36,6.9231,5.598,9.9348,9.3765,11.4672,29,12,11,6,0,0.3435,0.3516,0.263,0.042
R-1334,M-227,SMB,EMEA,77.0,Yes,10800,175,82,0.4686,0.4579,24.0,118,4.9167,5.2054,11.873,9.3463,10.7752,93,25,28,28,12,0.2737,0.3326,0.2707,0.123
R-1335,M-227,SMB,EMEA,57.7,Yes,7500,157,60,0.3822,0.3762,24.0,70,2.9167,3.2952,10.9678,9.9957,10.3731,97,22,51,20,4,0.2528,0.506,0.1924,0.0488
R-1336,M-227,SMB,EMEA,39.2,Yes,8500,201,104,0.5174,0.4787,24.0,146,6.0833,5.8549,16.7081,10.5666,13.9853,97,25,52,12,8,0.2077,0.5065,0.1507,0.1351
R-1337,M-227,SMB,EMEA,22.3,No,8200,182,74,0.4066,0.3712,22.3,121,5.426,5.7021,16.2429,10.6863,16.2998,108,30,32,27,19,0.2324,0.4114,0.2176,0.1386
R-1338,M-227,SMB,EMEA,21.8,No,5800,117,45,0.3846,0.4098,21.8,152,6.9725,7.2147,12.8679,9.7696,13.487,72,27,33,6,6,0.3571,0.4413,0.1035,0.0981
R-1339,M-227,SMB,EMEA,23.4,No,11700,176,50,0.2841,0.3318,23.4,64,2.735,3.3212,13.8347,10.3962,13.6662,126,55,20,18,33,0.4128,0.1966,0.1701,0.2206
R-1340,M-227,SMB,EMEA,27.3,No,8900,111,38,0.3423,0.326,24.0,156,6.5,6.2073,9.1148,9.2279,7.0723,73,5,43,6,19,0.0836,0.5445,0.1173,0.2546
R-1341,M-228,SMB,EMEA,7.5,Yes,10300,55,14,0.2545,0.3403,7.5,36,4.8,4.864,14.4966,8.6666,13.3274,41,15,17,2,7,0.3989,0.4136,0.0279,0.1596
R-1342,M-228,SMB,EMEA,2.9,No,8100,10,5,0.5,0.5102,2.9,9,3.1034,3.3141,16.0857,8.7438,12.7375,5,3,1,1,0,0.4131,0.241,0.2929,0.053
R-1343,M-228,SMB,EMEA,5.6,No,10500,38,12,0.3158,0.2617,5.6,40,7.1429,6.225,13.8257,11.4928,13.9789,26,6,13,3,4,0.2372,0.387,0.155,0.2208
R-1344,M-228,SMB,EMEA,17.2,Yes,8800,125,45,0.36,0.3713,17.2,128,7.4419,7.2498,10.884,10.0191,9.1082,80,26,13,9,32,0.4145,0.1518,0.0718,0.3619
R-1345,M-228,SMB,EMEA,14.3,No,9200,148,59,0.3986,0.3654,14.3,56,3.9161,4.2578,13.9466,8.8089,13.2185,89,29,18,15,27,0.3145,0.189,0.2125,0.2839
R-1346,M-228,SMB,EMEA,7.0,No,8400,37,5,0.1351,0.2304,7.0,54,7.7143,8.0678,10.9757,8.8233,6.0554,32,2,9,10,11,0.1014,0.3882,0.3014,0.2089
R-1347,M-229,Enterprise,North America,26.2,Yes,203900,28,8,0.2857,0.294,24.0,69,2.875,2.2749,7.1738,9.1333,6.4033,20,14,2,1,3,0.6743,0.146,0.0926,0.0871
R-1348,M-229,Enterprise,North America,5.3,No,223200,4,1,0.25,0.1867,5.3,15,2.8302,2.2514,15.1252,7.9279,13.6642,3,0,0,2,1,0.4012,0.2757,0.1593,0.1638
R-1349,M-229,Enterprise,North America,19.9,No,199100,30,3,0.1,0.2066,19.9,39,1.9598,1.8401,13.9537,10.3278,13.0738,27,6,11,7,3,0.2805,0.3392,0.2806,0.0997
R-1350,M-229,Enterprise,North America,6.9,No,231000,10,2,0.2,0.1073,6.9,11,1.5942,2.3206,14.9644,11.1613,12.8679,8,4,1,1,2,0.5542,0.2511,0.0548,0.1399
R-1351,M-229,Enterprise,North America,10.3,No,195800,17,5,0.2941,0.3936,10.3,36,3.4951,3.0067,16.1482,8.5841,14.7214,12,4,2,2,4,0.3875,0.3185,0.1917,0.1022
R-1352,M-229,Enterprise,North America,41.7,Yes,168900,34,12,0.3529,0.3573,24.0,35,1.4583,1.4419,9.5942,8.5369,10.2746,22,17,5,0,0,0.6018,0.1841,0.1382,0.0759
R-1353,M-229,Enterprise,North America,17.4,No,154800,26,7,0.2692,0.2416,17.4,58,3.3333,3.364,12.2555,12.3465,11.2358,19,10,7,2,0,0.5711,0.2824,0.0942,0.0522
R-1354,M-229,Enterprise,North America,9.1,No,174600,11,1,0.0909,0.2207,9.1,30,3.2967,2.2646,6.1058,5.7985,7.9427,10,6,2,0,2,0.4038,0.4517,0.0623,0.0822
R-1355,M-229,Enterprise,North America,17.7,No,164400,26,9,0.3462,0.3198,17.7,43,2.4294,2.1178,8.4865,7.9085,9.9268,17,11,5,0,1,0.4284,0.4542,0.0313,0.0862
R-1356,M-229,Enterprise,North America,38.6,Yes,150100,22,13,0.5909,0.3657,24.0,59,2.4583,2.8345,15.2975,10.0883,15.157,9,9,0,0,0,0.62,0.2379,0.0741,0.068
R-1357,M-229,Enterprise,North America,12.0,No,140600,19,1,0.0526,0.2393,12.0,26,2.1667,1.9706,9.6648,7.7465,13.05,18,13,0,4,1,0.5479,0.1165,0.2179,0.1177
R-1358,M-229,Enterprise,North America,6.3,Yes,186400,7,2,0.2857,0.2258,6.3,22,3.4921,4.149,9.7662,14.5868,9.5091,5,1,1,2,1,0.424,0.1527,0.2708,0.1524
R-1359,M-229,Enterprise,North America,14.9,No,195600,23,8,0.3478,0.1368,14.9,52,3.4899,2.6634,10.348,9.5509,12.5736,15,5,6,3,1,0.5125,0.2596,0.0627,0.1652
R-1360,M-229,Enterprise,North America,12.8,Yes,190000,11,5,0.4545,0.2871,12.8,19,1.4844,1.389,12.6118,8.9734,7.8395,6,2,1,2,1,0.4421,0.1794,0.3128,0.0657
R-1361,M-229,Enterprise,North America,26.8,Yes,149300,25,11,0.44,0.3839,24.0,40,1.6667,1.8246,10.6727,8.7636,9.9862,14,5,4,2,3,0.5434,0.1911,0.1346,0.1309
R-1362,M-229,Enterprise,North America,11.1,Yes,164700,19,7,0.3684,0.2722,11.1,23,2.0721,2.1932,12.1346,10.6861,7.2493,12,6,3,1,2,0.4509,0.1433,0.0958,0.31
R-1363,M-229,Enterprise,North America,52.0,Yes,243500,21,4,0.1905,0.2852,24.0,90,3.75,3.2372,19.9669,12.4521,15.2924,17,5,6,3,3,0.3267,0.3524,0.2166,0.1043
R-1364,M-229,Enterprise,North America,29.0,Yes,158500,25,6,0.24,0.2557,24.0,94,3.9167,3.4515,19.0918,11.1883,17.0013,19,8,9,0,2,0.4164,0.5158,0.0424,0.0254
R-1365,M-230,Enterprise,APAC,29.2,No,212900,34,1,0.0294,0.2149,24.0,79,3.2917,3.8835,9.6282,9.2008,7.567,33,2,11,9,11,0.2656,0.2834,0.1844,0.2665
R-1366,M-230,Enterprise,APAC,47.0,Yes,169600,29,3,0.1034,0.0579,24.0,42,1.75,1.6911,11.9143,11.2578,13.7602,26,7,7,4,8,0.4261,0.2597,0.0839,0.2303
R-1367,M-230,Enterprise,APAC,11.4,No,170800,19,2,0.1053,0.0866,11.4,22,1.9298,2.3712,15.2033,7.6639,11.4948,17,13,3,1,0,0.6589,0.2336,0.0575,0.05
R-1368,M-230,Enterprise,APAC,19.9,No,224700,26,6,0.2308,0.2016,19.9,53,2.6633,2.5543,14.202,9.932,13.8039,20,11,5,4,0,0.4669,0.2643,0.2543,0.0145
R-1369,M-230,Enterprise,APAC,2.0,Yes,189100,3,0,0.0,0.0798,2.0,7,3.5,2.9447,15.5525,4.2169,9.1445,3,2,1,0,0,0.5234,0.3421,0.0195,0.115
R-1370,M-230,Enterprise,APAC,9.2,No,217200,9,2,0.2222,0.1803,9.2,39,4.2391,3.0164,13.7529,8.1285,14.4769,7,3,1,2,1,0.4898,0.206,0.2005,0.1037
R-1371,M-230,Enterprise,APAC,21.3,Yes,169600,34,4,0.1176,0.2526,21.3,33,1.5493,1.723,11.3372,7.9032,12.6235,30,8,17,1,4,0.2677,0.4662,0.0948,0.1713
R-1372,M-231,SMB,EMEA,25.0,No,11400,144,47,0.3264,0.3116,24.0,115,4.7917,4.4068,15.9843,9.5902,13.5507,97,30,29,24,14,0.2702,0.3096,0.2769,0.1433
R-1373,M-231,SMB,EMEA,42.7,No,9900,176,24,0.1364,0.1485,24.0,268,11.1667,11.7774,12.1916,9.3041,12.3603,152,17,70,44,21,0.0983,0.5147,0.2793,0.1077
R-1374,M-231,SMB,EMEA,17.0,Yes,7400,189,38,0.2011,0.176,17.0,113,6.6471,6.9285,16.3947,9.6221,15.282,151,37,87,14,13,0.2805,0.5273,0.0874,0.1048
R-1375,M-231,SMB,EMEA,12.6,No,10900,79,25,0.3165,0.2179,12.6,50,3.9683,4.906,18.8754,9.7309,18.0778,54,5,17,21,11,0.1214,0.4562,0.2666,0.1558
R-1376,M-231,SMB,EMEA,2.6,Yes,6500,9,1,0.1111,0.0679,2.6,12,4.6154,3.3706,15.6413,15.9133,13.7065,8,3,4,0,1,0.2196,0.3822,0.201,0.1972
R-1377,M-231,SMB,EMEA,41.0,Yes,6600,232,67,0.2888,0.2906,24.0,159,6.625,6.5675,8.0272,8.7841,7.488,165,34,78,22,31,0.1806,0.5193,0.1512,0.1488
R-1378,M-231,SMB,EMEA,2.3,No,7000,7,2,0.2857,0.1356,2.3,12,5.2174,6.2329,12.036,9.6742,11.914,5,1,2,2,0,0.2833,0.432,0.1614,0.1233
R-1379,M-231,SMB,EMEA,23.0,No,9400,181,30,0.1657,0.1178,23.0,180,7.8261,7.3961,10.6809,8.5478,11.3887,151,53,25,58,15,0.382,0.1718,0.3629,0.0833
R-1380,M-231,SMB,EMEA,7.5,No,7600,74,4,0.0541,0.1172,7.5,59,7.8667,7.4187,12.3549,9.9039,10.531,70,18,23,16,13,0.255,0.318,0.2143,0.2128
R-1381,M-231,SMB,EMEA,20.7,No,12000,222,51,0.2297,0.2674,20.7,143,6.9082,6.8261,14.9908,9.5782,13.5542,171,15,40,51,65,0.0871,0.1919,0.2693,0.4517
R-1382,M-231,SMB,EMEA,7.4,Yes,7300,48,15,0.3125,0.3064,7.4,32,4.3243,4.1494,13.708,10.1933,11.8842,33,10,6,11,6,0.2481,0.2469,0.2665,0.2385
R-1383,M-232,Mid-Market,APAC,17.1,No,35700,68,9,0.1324,0.2035,17.1,90,5.2632,5.7332,10.5447,8.9726,9.2235,59,14,8,24,13,0.1789,0.1513,0.4872,0.1826
R-1384,M-232,Mid-Market,APAC,8.3,No,41600,23,8,0.3478,0.2257,8.3,41,4.9398,4.772,10.5628,9.1193,5.5376,15,3,4,3,5,0.2534,0.182,0.3242,0.2403
R-1385,M-232,Mid-Market,APAC,42.8,Yes,50000,68,32,0.4706,0.3688,24.0,99,4.125,4.3818,9.5723,9.0419,8.5591,36,11,20,2,3,0.2904,0.6105,0.033,0.0662
R-1386,M-232,Mid-Market,APAC,12.8,Yes,42400,57,26,0.4561,0.4047,12.8,46,3.5938,3.9815,12.3408,9.1319,10.8633,31,6,5,7,13,0.3217,0.144,0.214,0.3203
R-1387,M-232,Mid-Market,APAC,50.5,No,36000,61,25,0.4098,0.3745,24.0,64,2.6667,2.888,12.1318,9.1515,12.4578,36,9,2,17,8,0.2845,0.1079,0.4153,0.1923
R-1388,M-232,Mid-Market,APAC,2.4,No,36000,4,0,0.0,0.1843,2.4,7,2.9167,3.1804,10.8519,9.065,10.0247,4,2,1,1,0,0.4234,0.2073,0.2799,0.0895
R-1389,M-232,Mid-Market,APAC,17.8,Yes,23900,63,20,0.3175,0.3123,17.8,61,3.427,3.1145,19.0849,12.2652,17.0392,43,12,12,2,17,0.273,0.4032,0.0482,0.2756
R-1390,M-232,Mid-Market,APAC,30.2,No,39100,68,15,0.2206,0.3358,24.0,120,5.0,5.3958,15.0698,9.0562,13.7479,53,22,15,10,6,0.3606,0.3005,0.2178,0.1212
R-1391,M-232,Mid-Market,APAC,2.3,No,38900,3,1,0.3333,0.4186,2.3,6,2.6087,3.1635,5.1338,4.4639,5.3453,2,1,0,0,1,0.2864,0.1564,0.4033,0.1539
R-1392,M-232,Mid-Market,APAC,31.0,Yes,33500,92,36,0.3913,0.3856,24.0,56,2.3333,2.8022,13.118,9.2574,12.4254,56,37,10,4,5,0.6319,0.2294,0.0603,0.0783
R-1393,M-233,SMB,APAC,14.6,Yes,12700,77,16,0.2078,0.283,14.6,52,3.5616,3.91,18.356,9.6288,15.8366,61,27,13,15,6,0.4919,0.2192,0.2113,0.0776
R-1394,M-233,SMB,APAC,38.8,Yes,7700,188,42,0.2234,0.2834,24.0,155,6.4583,6.2246,9.8302,8.2134,8.6324,146,46,44,8,48,0.3443,0.289,0.0892,0.2775
R-1395,M-233,SMB,APAC,2.8,No,10100,10,2,0.2,0.276,2.8,8,2.8571,5.5511,12.3399,6.3432,13.6576,8,3,1,0,4,0.3846,0.0969,0.1145,0.404
R-1396,M-233,SMB,APAC,48.9,Yes,7300,171,73,0.4269,0.4261,24.0,109,4.5417,4.8674,9.1845,8.6518,7.666,98,24,41,21,12,0.2637,0.4376,0.1969,0.1018
R-1397,M-233,SMB,APAC,24.2,No,11900,287,143,0.4983,0.5339,24.0,183,7.625,8.1461,14.0143,10.2935,13.5008,144,26,76,38,4,0.1462,0.5033,0.302,0.0485
R-1398,M-233,SMB,APAC,12.2,No,8500,95,24,0.2526,0.2493,12.2,85,6.9672,6.8549,12.1295,9.157,12.254,71,4,20,39,8,0.0752,0.2577,0.5389,0.1282
R-1399,M-234,Mid-Market,EMEA,24.0,No,31700,82,7,0.0854,0.0864,24.0,98,4.0833,4.4274,13.818,9.6564,11.3071,75,23,32,10,10,0.3059,0.4855,0.1248,0.0838
R-1400,M-234,Mid-Market,EMEA,52.4,Yes,50800,73,11,0.1507,0.1522,24.0,136,5.6667,5.459,8.876,8.2481,9.7707,62,38,15,5,4,0.5241,0.3247,0.0894,0.0617
R-1401,M-234,Mid-Market,EMEA,27.5,No,35900,59,21,0.3559,0.4205,24.0,121,5.0417,5.0986,15.5732,10.0307,16.6212,38,14,10,13,1,0.3767,0.3184,0.1864,0.1185
R-1402,M-234,Mid-Market,EMEA,21.7,No,54500,70,22,0.3143,0.2185,21.7,72,3.318,3.9563,11.8943,9.9077,12.2402,48,18,13,4,13,0.4286,0.2149,0.1935,0.163
R-1403,M-234,Mid-Market,EMEA,36.0,No,40800,80,19,0.2375,0.2195,24.0,71,2.9583,3.6539,15.6973,11.5616,14.6989,61,11,16,19,15,0.2045,0.2499,0.2969,0.2487
R-1404,M-234,Mid-Market,EMEA,14.8,No,23500,36,6,0.1667,0.2679,14.8,40,2.7027,3.2963,16.6677,11.8968,12.7097,30,9,18,1,2,0.3651,0.4964,0.0867,0.0519
R-1405,M-234,Mid-Market,EMEA,82.2,Yes,51600,67,16,0.2388,0.3052,24.0,71,2.9583,2.8283,13.1604,9.5883,11.5103,51,10,28,10,3,0.1692,0.4686,0.2551,0.1071
R-1406,M-234,Mid-Market,EMEA,18.9,Yes,42900,50,8,0.16,0.1432,18.9,75,3.9683,3.687,13.6109,8.9091,15.188,42,15,16,10,1,0.3203,0.3888,0.2448,0.0461
R-1407,M-234,Mid-Market,EMEA,9.6,No,37200,33,5,0.1515,0.075,9.6,44,4.5833,5.5157,11.0803,9.3277,9.6148,28,10,6,8,4,0.3725,0.2794,0.2636,0.0845
R-1408,M-234,Mid-Market,EMEA,46.6,No,46200,93,31,0.3333,0.3204,24.0,114,4.75,4.4052,10.0832,8.6786,7.0751,62,24,11,12,15,0.3684,0.2268,0.2412,0.1635
R-1409,M-234,Mid-Market,EMEA,13.2,Yes,33400,60,22,0.3667,0.2941,13.2,62,4.697,4.3975,18.477,9.0833,16.5179,38,13,6,8,11,0.2976,0.2469,0.1481,0.3075
R-1410,M-234,Mid-Market,EMEA,24.2,Yes,33300,92,19,0.2065,0.1757,24.0,134,5.5833,4.4307,9.8477,10.1678,10.1853,73,30,14,21,8,0.3791,0.1672,0.3292,0.1244
R-1411,M-234,Mid-Market,EMEA,68.1,Yes,45400,79,40,0.5063,0.4561,24.0,144,6.0,5.6129,8.6195,8.7314,8.1683,39,6,5,13,15,0.1859,0.1472,0.2214,0.4455
R-1412,M-234,Mid-Market,EMEA,2.5,No,42900,3,1,0.3333,0.1585,2.5,2,0.8,3.0085,6.513,9.0878,8.4341,2,1,1,0,0,0.4085,0.4184,0.0491,0.1239
R-1413,M-234,Mid-Market,EMEA,16.3,No,37400,57,10,0.1754,0.226,16.3,80,4.908,5.803,10.193,9.3832,11.1292,47,12,10,21,4,0.3397,0.183,0.3976,0.0797
R-1414,M-235,Enterprise,North America,52.3,Yes,156900,28,7,0.25,0.2481,24.0,102,4.25,3.8165,15.6932,9.9345,14.3918,21,11,3,2,5,0.4914,0.2585,0.1087,0.1414
R-1415,M-235,Enterprise,North America,7.7,No,211000,13,2,0.1538,0.2126,7.7,18,2.3377,2.359,15.6789,7.0927,10.2419,11,4,4,0,3,0.4631,0.1668,0.1765,0.1936
R-1416,M-235,Enterprise,North America,4.4,Yes,176100,4,0,0.0,0.1654,4.4,12,2.7273,2.8222,16.7958,15.4363,11.8713,4,3,1,0,0,0.3929,0.2026,0.1591,0.2454
R-1417,M-235,Enterprise,North America,20.2,Yes,203900,25,4,0.16,0.0871,20.2,31,1.5347,1.9249,13.6771,8.1093,12.3227,21,8,4,3,6,0.3907,0.2743,0.1748,0.1602
R-1418,M-235,Enterprise,North America,25.6,No,205200,32,16,0.5,0.3891,24.0,62,2.5833,3.066,12.7332,8.6401,12.9397,16,10,2,2,2,0.5044,0.2722,0.0673,0.1561
R-1419,M-235,Enterprise,North America,12.0,No,180800,12,0,0.0,0.2535,12.0,30,2.5,2.4954,24.0062,9.2333,15.6963,12,4,2,3,3,0.2553,0.2162,0.1236,0.405
R-1420,M-235,Enterprise,North America,62.8,Yes,193500,32,18,0.5625,0.4917,24.0,59,2.4583,2.0753,11.8338,9.7643,10.9715,14,2,9,2,1,0.241,0.4154,0.2324,0.1112
R-1421,M-235,Enterprise,North America,20.2,Yes,144000,28,11,0.3929,0.4212,20.2,73,3.6139,3.2201,9.8208,10.2199,5.3831,17,7,6,3,1,0.3423,0.3548,0.2129,0.0899
R-1422,M-235,Enterprise,North America,47.5,Yes,222500,33,17,0.5152,0.2531,24.0,61,2.5417,2.879,12.5694,9.3129,8.6494,16,4,6,0,6,0.4051,0.2734,0.0613,0.2602
R-1423,M-235,Enterprise,North America,14.7,Yes,208300,25,7,0.28,0.269,14.7,35,2.381,2.4924,12.0485,9.3288,13.7923,18,5,12,1,0,0.4641,0.3796,0.0812,0.0751
R-1424,M-235,Enterprise,North America,5.0,No,150100,4,4,1.0,0.2358,5.0,7,1.4,1.6234,22.5988,7.8657,14.0119,0,0,0,0,0,0.3139,0.298,0.2322,0.1559
R-1425,M-235,Enterprise,North America,13.7,No,215200,17,7,0.4118,0.2415,13.7,28,2.0438,2.3167,14.4989,8.8169,12.744,10,4,5,0,1,0.2859,0.5098,0.1644,0.04
R-1426,M-235,Enterprise,North America,14.2,Yes,223100,15,2,0.1333,0.1759,14.2,45,3.169,3.1173,19.735,12.4722,15.0713,13,7,4,2,0,0.6284,0.208,0.1054,0.0582
R-1427,M-236,Mid-Market,EMEA,12.6,No,33400,44,4,0.0909,0.0375,12.6,52,4.127,3.8586,14.9306,10.1745,15.13,40,6,9,15,10,0.1698,0.3087,0.3515,0.17
R-1428,M-236,Mid-Market,EMEA,8.9,No,24200,33,4,0.1212,0.0213,8.9,52,5.8427,5.4404,14.3372,10.8857,14.5777,29,7,15,3,4,0.256,0.4,0.1233,0.2208
R-1429,M-236,Mid-Market,EMEA,40.8,Yes,33800,95,7,0.0737,0.095,24.0,86,3.5833,3.3614,15.1163,10.3618,16.247,88,15,25,39,9,0.1474,0.3009,0.4756,0.0761
R-1430,M-236,Mid-Market,EMEA,14.8,No,44200,40,3,0.075,0.1109,14.8,37,2.5,2.8773,10.1195,8.4768,10.6237,37,20,7,5,5,0.4413,0.2984,0.1716,0.0887
R-1431,M-236,Mid-Market,EMEA,68.2,Yes,42500,75,8,0.1067,0.1302,24.0,155,6.4583,6.3698,12.1666,8.9109,12.6755,67,12,12,13,30,0.2699,0.1547,0.222,0.3535
R-1432,M-236,Mid-Market,EMEA,30.3,No,33000,115,6,0.0522,0.0795,24.0,70,2.9167,2.7375,11.7771,9.097,11.1254,109,16,60,27,6,0.13,0.5207,0.271,0.0783
R-1433,M-236,Mid-Market,EMEA,36.0,Yes,38100,46,9,0.1957,0.1718,24.0,61,2.5417,3.0077,18.6252,9.9849,17.4513,37,13,16,2,6,0.249,0.577,0.0339,0.1402
R-1434,M-236,Mid-Market,EMEA,12.8,No,48600,43,8,0.186,0.1006,12.8,58,4.5312,3.4697,14.3276,8.8091,13.9149,35,3,11,11,10,0.1027,0.3227,0.3584,0.2162
R-1435,M-236,Mid-Market,EMEA,8.1,No,35400,22,1,0.0455,0.0381,8.1,30,3.7037,3.3725,11.5737,9.2433,13.3494,21,10,4,4,3,0.2923,0.3986,0.1901,0.1189
R-1436,M-236,Mid-Market,EMEA,24.0,Yes,32100,79,7,0.0886,0.0752,24.0,92,3.8333,4.0358,10.3406,8.6594,8.172,72,16,27,26,3,0.2244,0.4514,0.2101,0.1141
R-1437,M-236,Mid-Market,EMEA,3.1,No,33600,6,1,0.1667,0.176,3.1,12,3.871,3.7509,12.6229,9.4095,7.9939,5,1,2,2,0,0.3668,0.2704,0.2558,0.1069
R-1438,M-236,Mid-Market,EMEA,32.3,No,42700,94,7,0.0745,0.0708,24.0,85,3.5417,4.0913,11.9737,9.4659,11.7656,87,43,38,0,6,0.4274,0.4114,0.07,0.0912
R-1439,M-236,Mid-Market,EMEA,5.7,No,49200,13,1,0.0769,0.0126,5.7,19,3.3333,4.1157,11.3773,7.5139,12.805,12,4,2,2,4,0.4339,0.1679,0.129,0.2691
R-1440,M-236,Mid-Market,EMEA,10.0,No,37700,37,1,0.027,0.0574,10.0,45,4.5,5.0542,10.0423,9.0616,11.2306,36,22,10,2,2,0.6597,0.2349,0.0702,0.0353
R-1441,M-236,Mid-Market,EMEA,16.8,Yes,44600,50,5,0.1,0.0881,16.8,100,5.9524,5.647,17.1852,11.7313,16.0821,45,33,5,3,4,0.5961,0.2216,0.0999,0.0824
R-1442,M-236,Mid-Market,EMEA,62.4,No,42100,78,2,0.0256,0.072,24.0,94,3.9167,4.1932,6.233,7.3156,6.145,76,14,25,15,22,0.1278,0.4049,0.1782,0.2891
R-1443,M-236,Mid-Market,EMEA,12.0,No,26500,59,3,0.0508,0.0466,12.0,47,3.9167,3.2881,11.3989,8.8577,10.744,56,17,11,16,12,0.1867,0.2207,0.372,0.2206
R-1444,M-237,Enterprise,EMEA,4.7,No,152000,3,0,0.0,0.11,4.7,14,2.9787,3.2755,9.9454,7.9444,12.567,3,1,1,0,1,0.4264,0.3982,0.0198,0.1556
R-1445,M-237,Enterprise,EMEA,9.9,No,143800,10,0,0.0,0.1335,9.9,51,5.1515,3.8568,10.7228,8.1137,12.0505,10,5,3,0,2,0.514,0.3131,0.0503,0.1226
R-1446,M-237,Enterprise,EMEA,17.9,No,152900,16,4,0.25,0.1588,17.9,40,2.2346,1.9223,12.2462,9.2596,12.2867,12,4,7,0,1,0.313,0.4481,0.0021,0.2367
R-1447,M-237,Enterprise,EMEA,9.4,No,177500,15,1,0.0667,0.1371,9.4,25,2.6596,1.7935,18.5487,13.4066,14.7791,14,6,3,5,0,0.3946,0.2596,0.2424,0.1034
R-1448,M-237,Enterprise,EMEA,25.6,Yes,190000,47,10,0.2128,0.1843,24.0,77,3.2083,2.5781,11.3924,9.5511,12.2884,37,17,17,1,2,0.2292,0.4914,0.0664,0.213
R-1449,M-237,Enterprise,EMEA,11.0,Yes,220900,16,2,0.125,0.274,11.0,37,3.3636,3.2986,13.2587,9.1692,11.4329,14,4,9,1,0,0.3346,0.5075,0.1048,0.0531
R-1450,M-237,Enterprise,EMEA,17.9,No,153300,21,2,0.0952,0.1892,17.9,56,3.1285,2.9712,16.1096,7.6126,12.459,19,6,9,0,4,0.3517,0.4611,0.0244,0.1628
R-1451,M-237,Enterprise,EMEA,11.4,Yes,213500,14,1,0.0714,0.1939,11.4,47,4.1228,3.9296,7.6096,8.2401,3.4373,13,5,6,0,2,0.3713,0.5369,0.0306,0.0611
R-1452,M-237,Enterprise,EMEA,44.5,Yes,202800,37,10,0.2703,0.239,24.0,34,1.4167,1.2542,16.9704,10.1803,15.4296,27,16,7,1,3,0.4169,0.4103,0.0565,0.1163
R-1453,M-237,Enterprise,EMEA,32.2,Yes,189100,41,12,0.2927,0.3469,24.0,41,1.7083,1.7754,16.1964,10.538,12.6525,29,12,15,0,2,0.407,0.4838,0.016,0.0932
R-1454,M-237,Enterprise,EMEA,33.9,No,162900,42,7,0.1667,0.2131,24.0,58,2.4167,2.7556,18.0798,10.7618,15.7925,35,16,7,5,7,0.5115,0.227,0.1265,0.1349
R-1455,M-237,Enterprise,EMEA,13.0,No,220500,23,6,0.2609,0.278,13.0,44,3.3846,3.0271,8.5971,9.3316,8.3154,17,5,11,1,0,0.398,0.4373,0.1389,0.0259
R-1456,M-237,Enterprise,EMEA,44.1,Yes,196000,27,4,0.1481,0.2724,24.0,46,1.9167,2.119,11.5162,8.5848,11.5699,23,12,5,2,4,0.488,0.143,0.1313,0.2377
R-1457,M-237,Enterprise,EMEA,30.6,No,154300,39,12,0.3077,0.2561,24.0,61,2.5417,2.3198,16.3134,8.1683,16.6477,27,10,6,5,6,0.463,0.2675,0.1102,0.1593
R-1458,M-237,Enterprise,EMEA,11.9,No,181600,12,1,0.0833,0.1202,11.9,34,2.8571,2.4751,9.0147,8.8533,8.6766,11,6,4,0,1,0.5722,0.2523,0.143,0.0326
R-1459,M-237,Enterprise,EMEA,43.9,Yes,191300,30,11,0.3667,0.5106,24.0,89,3.7083,3.6527,15.8864,10.6649,16.5608,19,11,3,2,3,0.398,0.2891,0.0512,0.2617
R-1460,M-237,Enterprise,EMEA,17.2,Yes,221300,24,3,0.125,0.2016,17.2,42,2.4419,1.8604,16.2085,11.7375,15.896,21,8,11,0,2,0.3545,0.3919,0.0278,0.2258
R-1461,M-238,Mid-Market,EMEA,6.7,No,36500,20,0,0.0,0.0512,6.7,32,4.7761,3.9277,10.2453,7.1543,15.3454,20,11,4,3,2,0.5491,0.2137,0.0742,0.163
R-1462,M-238,Mid-Market,EMEA,73.0,Yes,26800,122,24,0.1967,0.2548,24.0,97,4.0417,3.8251,10.539,9.8067,9.8331,98,22,53,15,8,0.1932,0.5161,0.1839,0.1068
R-1463,M-238,Mid-Market,EMEA,4.1,No,46700,9,1,0.1111,0.115,4.1,28,6.8293,6.757,16.0985,11.7396,12.6703,8,1,2,4,1,0.1474,0.2751,0.4694,0.1081
R-1464,M-238,Mid-Market,EMEA,55.8,No,40500,58,10,0.1724,0.1198,24.0,98,4.0833,3.491,14.4205,10.8473,14.658,48,15,6,6,21,0.3233,0.1202,0.1886,0.3679
R-1465,M-238,Mid-Market,EMEA,2.8,No,37700,5,1,0.2,0.0425,2.8,14,5.0,3.287,8.2833,7.1518,11.3862,4,1,1,1,1,0.3085,0.3175,0.1311,0.243
R-1466,M-238,Mid-Market,EMEA,3.0,No,34800,5,0,0.0,0.1287,3.0,13,4.3333,4.8595,9.401,10.4317,12.3116,5,0,2,3,0,0.1744,0.5626,0.2278,0.0351
R-1467,M-239,Enterprise,EMEA,11.5,No,242900,16,4,0.25,0.1258,11.5,36,3.1304,2.6321,14.125,8.1794,20.4614,12,2,7,2,1,0.1542,0.497,0.2173,0.1316
R-1468,M-239,Enterprise,EMEA,6.3,No,149700,7,0,0.0,0.0898,6.3,10,1.5873,1.2107,11.4192,10.3101,10.2022,7,1,4,1,1,0.2549,0.3452,0.2899,0.1101
R-1469,M-239,Enterprise,EMEA,15.9,Yes,185500,20,3,0.15,0.1465,15.9,31,1.9497,1.8172,14.8132,9.371,16.217,17,10,5,2,0,0.5045,0.4062,0.0417,0.0476
R-1470,M-239,Enterprise,EMEA,27.4,Yes,179900,30,7,0.2333,0.1938,24.0,47,1.9583,1.8402,13.9305,10.6237,13.2602,23,13,4,5,1,0.609,0.1126,0.1328,0.1456
R-1471,M-239,Enterprise,EMEA,26.5,No,183600,48,6,0.125,0.0999,24.0,53,2.2083,2.4306,14.0969,10.0214,13.6372,42,12,18,2,10,0.4154,0.3821,0.0533,0.1492
R-1472,M-239,Enterprise,EMEA,57.1,No,163600,43,5,0.1163,0.1353,24.0,35,1.4583,1.5751,11.0523,9.8618,10.7557,38,17,18,1,2,0.4867,0.3327,0.064,0.1166
R-1473,M-239,Enterprise,EMEA,17.5,Yes,153500,22,0,0.0,0.0635,17.5,56,3.2,3.1705,8.455,10.4669,9.2124,22,11,7,4,0,0.4533,0.379,0.121,0.0466
R-1474,M-239,Enterprise,EMEA,35.4,Yes,152200,33,6,0.1818,0.2042,24.0,35,1.4583,1.3472,13.096,8.9966,12.8602,27,5,20,2,0,0.2226,0.6788,0.0805,0.018
R-1475,M-239,Enterprise,EMEA,8.5,Yes,143600,12,2,0.1667,0.0901,8.5,30,3.5294,3.4191,10.2128,8.6757,5.1778,10,5,3,0,2,0.4425,0.2927,0.022,0.2429
R-1476,M-239,Enterprise,EMEA,31.6,No,179700,16,2,0.125,0.0763,24.0,81,3.375,2.8559,12.9896,9.6731,10.867,14,8,4,1,1,0.4221,0.298,0.0906,0.1894
R-1477,M-239,Enterprise,EMEA,2.7,No,177700,3,0,0.0,0.0744,2.7,7,2.5926,1.7898,15.537,7.8437,13.4419,3,2,1,0,0,0.4248,0.2995,0.1601,0.1155
R-1478,M-239,Enterprise,EMEA,13.4,Yes,146600,15,1,0.0667,0.1081,13.4,25,1.8657,1.7067,10.8932,9.2284,13.4989,14,1,7,3,3,0.2537,0.3621,0.2056,0.1786
R-1479,M-239,Enterprise,EMEA,54.4,Yes,194600,32,4,0.125,0.2188,24.0,50,2.0833,1.8389,15.0616,11.0354,14.2856,28,15,2,0,11,0.5501,0.1509,0.042,0.2571
R-1480,M-239,Enterprise,EMEA,41.4,No,184900,37,1,0.027,0.0909,24.0,45,1.875,2.0037,14.1678,11.6002,11.9866,36,16,14,1,5,0.3436,0.4618,0.0918,0.1028
R-1481,M-239,Enterprise,EMEA,38.9,Yes,204000,28,7,0.25,0.2501,24.0,25,1.0417,1.6722,18.4554,10.2344,15.2896,21,15,4,2,0,0.5355,0.2191,0.1452,0.1002
R-1482,M-240,Mid-Market,North America,31.0,Yes,20200,72,10,0.1389,0.1614,24.0,130,5.4167,4.6566,16.9963,9.9525,17.943,62,10,33,15,4,0.2812,0.4236,0.2033,0.0918
R-1483,M-240,Mid-Market,North America,34.8,Yes,36500,72,17,0.2361,0.2448,24.0,120,5.0,5.1932,11.0077,9.2577,8.7962,55,5,40,4,6,0.0717,0.7417,0.0902,0.0965
R-1484,M-240,Mid-Market,North America,12.1,Yes,23400,49,12,0.2449,0.253,12.1,48,3.9669,3.4582,12.6991,9.9624,10.8378,37,10,19,8,0,0.3151,0.3161,0.3266,0.0423
R-1485,M-240,Mid-Market,North America,2.4,No,52800,3,0,0.0,0.1133,2.4,9,3.75,6.98,18.3206,21.1965,14.314,3,1,1,1,0,0.4433,0.2402,0.1131,0.2034
R-1486,M-240,Mid-Market,North America,33.1,No,41300,107,8,0.0748,0.0824,24.0,140,5.8333,4.2576,11.4663,9.3329,9.7898,99,12,23,51,13,0.1978,0.1668,0.5488,0.0866
R-1487,M-240,Mid-Market,North America,2.1,Yes,32100,3,0,0.0,0.0899,2.1,11,5.2381,3.8546,17.6607,4.8241,18.2402,3,0,3,0,0,0.3121,0.5407,0.1306,0.0166
R-1488,M-240,Mid-Market,North America,57.7,Yes,44000,46,13,0.2826,0.2557,24.0,127,5.2917,5.1013,11.4668,11.0211,12.425,33,13,13,7,0,0.4199,0.3477,0.1101,0.1223
R-1489,M-240,Mid-Market,North America,43.2,Yes,41000,90,23,0.2556,0.175,24.0,98,4.0833,4.8725,9.9521,8.6543,6.9796,67,19,19,20,9,0.2521,0.2693,0.333,0.1455
R-1490,M-240,Mid-Market,North America,29.2,No,51300,70,0,0.0,0.0567,24.0,78,3.25,2.8538,17.6405,10.9141,17.7044,70,9,14,44,3,0.2344,0.1629,0.569,0.0338
R-1491,M-240,Mid-Market,North America,12.7,Yes,39900,33,4,0.1212,0.1211,12.7,44,3.4646,5.2213,14.4137,11.2817,10.5283,29,11,9,5,4,0.3362,0.3253,0.1979,0.1406
R-1492,M-240,Mid-Market,North America,5.2,No,44300,13,4,0.3077,0.2316,5.2,17,3.2692,2.2918,13.0445,8.5357,8.762,9,1,4,4,0,0.1433,0.2968,0.4513,0.1086
R-1493,M-241,SMB,North America,13.8,No,11800,79,20,0.2532,0.2444,13.8,27,1.9565,2.4831,18.4408,9.86,17.3993,59,3,29,18,9,0.0576,0.4976,0.2932,0.1515
R-1494,M-241,SMB,North America,50.9,Yes,10500,223,84,0.3767,0.3936,24.0,180,7.5,7.8924,12.1859,9.5326,10.814,139,35,48,35,21,0.2232,0.3105,0.2969,0.1694
R-1495,M-241,SMB,North America,50.9,No,8200,246,91,0.3699,0.3174,24.0,75,3.125,3.0924,17.9596,10.6258,17.2536,155,29,84,26,16,0.1821,0.5613,0.1252,0.1313
R-1496,M-241,SMB,North America,26.7,Yes,9200,126,21,0.1667,0.1288,24.0,124,5.1667,5.097,9.5994,8.4229,8.2556,105,33,17,37,18,0.3455,0.2024,0.335,0.1171
R-1497,M-241,SMB,North America,30.3,No,5300,194,5,0.0258,0.0501,24.0,136,5.6667,6.0649,9.6013,9.2555,9.2456,189,68,30,50,41,0.3617,0.1472,0.2845,0.2066
R-1498,M-241,SMB,North America,16.0,Yes,8900,143,26,0.1818,0.1746,16.0,62,3.875,4.0785,10.4982,8.466,9.6976,117,20,31,32,34,0.1713,0.2333,0.2518,0.3436
R-1499,M-242,SMB,EMEA,26.7,Yes,10500,185,88,0.4757,0.4492,24.0,129,5.375,5.8448,10.3473,9.0135,8.136,97,19,40,25,13,0.1505,0.3665,0.3711,0.112
R-1500,M-242,SMB,EMEA,2.8,No,7800,11,3,0.2727,0.3052,2.8,17,6.0714,4.6854,13.2363,9.8062,10.6871,8,0,7,1,0,0.1201,0.6723,0.0886,0.119
R-1501,M-242,SMB,EMEA,34.2,No,10000,147,18,0.1224,0.2126,24.0,155,6.4583,6.2228,12.7,8.9325,11.5306,129,33,58,28,10,0.2421,0.4606,0.2309,0.0664
R-1502,M-242,SMB,EMEA,69.5,No,9600,119,48,0.4034,0.4166,24.0,151,6.2917,7.1503,11.7301,9.6538,10.3331,71,36,19,11,5,0.4783,0.3163,0.1448,0.0606
R-1503,M-242,SMB,EMEA,18.1,Yes,7200,120,50,0.4167,0.4123,18.1,86,4.7514,4.6599,14.0767,9.6134,12.0229,70,17,21,25,7,0.2388,0.3682,0.3441,0.049
R-1504,M-242,SMB,EMEA,47.1,Yes,6800,173,90,0.5202,0.5259,24.0,128,5.3333,5.6243,9.4236,9.5912,8.3187,83,36,26,21,0,0.4135,0.3025,0.2721,0.0119
R-1505,M-242,SMB,EMEA,60.4,No,7700,181,54,0.2983,0.3923,24.0,143,5.9583,5.4119,11.7974,9.5742,10.839,127,16,20,83,8,0.1147,0.1826,0.6773,0.0253
R-1506,M-242,SMB,EMEA,14.5,No,7700,148,49,0.3311,0.293,14.5,77,5.3103,5.3876,12.824,9.2482,11.3504,99,28,25,45,1,0.2429,0.2768,0.4728,0.0075
R-1507,M-242,SMB,EMEA,16.8,No,7400,138,22,0.1594,0.1475,16.8,123,7.3214,7.1024,12.8637,9.4165,12.5299,116,31,65,12,8,0.2695,0.5398,0.1393,0.0514
R-1508,M-242,SMB,EMEA,9.6,Yes,8800,72,30,0.4167,0.4198,9.6,68,7.0833,7.7543,7.4881,8.4694,6.0751,42,18,8,16,0,0.2734,0.2632,0.4081,0.0553
R-1509,M-242,SMB,EMEA,9.8,Yes,7800,88,18,0.2045,0.2543,9.8,65,6.6327,5.9311,10.9043,9.9801,10.3255,70,20,14,16,20,0.2578,0.1569,0.3239,0.2615
R-1510,M-242,SMB,EMEA,13.6,No,6900,111,26,0.2342,0.2127,13.6,98,7.2059,7.6172,8.2827,8.8274,5.4166,85,10,42,26,7,0.1932,0.4433,0.2733,0.0902
R-1511,M-243,Enterprise,EMEA,11.4,No,158400,17,4,0.2353,0.2515,11.4,25,2.193,1.6738,14.3262,7.1963,12.1809,13,3,4,0,6,0.2187,0.3438,0.0614,0.3761
R-1512,M-243,Enterprise,EMEA,10.4,No,212100,11,2,0.1818,0.2118,10.4,31,2.9808,3.2469,10.8529,10.5016,14.1579,9,4,3,2,0,0.4277,0.2668,0.2273,0.0782
R-1513,M-243,Enterprise,EMEA,17.1,No,128600,26,10,0.3846,0.2032,17.1,37,2.1637,3.0454,17.2163,9.0516,14.2609,16,10,3,1,2,0.4949,0.315,0.1033,0.0868
R-1514,M-243,Enterprise,EMEA,14.3,No,251400,18,5,0.2778,0.2664,14.3,16,1.1189,1.4462,14.3724,9.295,15.3852,13,6,6,0,1,0.2872,0.5702,0.0365,0.1061
R-1515,M-243,Enterprise,EMEA,34.9,No,160600,33,7,0.2121,0.1446,24.0,59,2.4583,2.5522,11.1465,10.1591,8.4202,26,13,8,4,1,0.5222,0.3107,0.1519,0.0152
R-1516,M-243,Enterprise,EMEA,42.1,Yes,185500,20,2,0.1,0.1236,24.0,84,3.5,3.6725,12.2955,9.3508,14.896,18,6,5,6,1,0.3058,0.4502,0.1426,0.1014
R-1517,M-243,Enterprise,EMEA,17.8,No,139400,23,2,0.087,0.0834,17.8,36,2.0225,1.9102,12.8238,11.2888,13.6459,21,8,6,5,2,0.3187,0.3627,0.1183,0.2003
R-1518,M-243,Enterprise,EMEA,27.0,Yes,162900,27,9,0.3333,0.1902,24.0,52,2.1667,2.2486,16.076,12.2398,16.2373,18,3,6,5,4,0.2407,0.2464,0.0943,0.4186
R-1519,M-243,Enterprise,EMEA,6.6,No,188100,8,1,0.125,0.2181,6.6,15,2.2727,3.1052,13.4875,10.7304,9.8623,7,3,4,0,0,0.3478,0.4676,0.0808,0.1037
R-1520,M-243,Enterprise,EMEA,17.1,Yes,243900,20,5,0.25,0.3008,17.1,32,1.8713,2.2188,17.6247,11.2894,14.2367,15,4,6,1,4,0.3145,0.4419,0.0979,0.1457
R-1521,M-244,Enterprise,EMEA,13.6,No,204300,13,2,0.1538,0.2668,13.6,12,0.8824,1.056,12.7608,8.0193,12.7584,11,1,9,1,0,0.2531,0.5523,0.1569,0.0377
R-1522,M-244,Enterprise,EMEA,7.5,No,162000,6,3,0.5,0.1996,7.5,19,2.5333,2.7675,5.7594,5.2844,13.7699,3,2,1,0,0,0.429,0.4661,0.0284,0.0766
R-1523,M-244,Enterprise,EMEA,57.4,Yes,119000,46,29,0.6304,0.5988,24.0,28,1.1667,1.4627,12.9978,10.8271,11.3095,17,4,13,0,0,0.297,0.6067,0.0832,0.0132
R-1524,M-244,Enterprise,EMEA,12.2,No,143200,10,2,0.2,0.1005,12.2,32,2.623,3.1351,10.0165,5.4172,13.2319,8,2,5,1,0,0.6133,0.2854,0.0548,0.0465
R-1525,M-244,Enterprise,EMEA,13.3,Yes,163200,21,3,0.1429,0.1126,13.3,33,2.4812,2.2776,12.6996,7.714,13.5752,18,1,11,3,3,0.2637,0.4711,0.1459,0.1193
R-1526,M-244,Enterprise,EMEA,20.6,No,173900,22,6,0.2727,0.2071,20.6,44,2.1359,2.1113,13.9231,10.9098,13.4284,16,9,3,4,0,0.3664,0.3091,0.1947,0.1298
R-1527,M-244,Enterprise,EMEA,4.4,Yes,191600,3,0,0.0,0.2494,4.4,8,1.8182,3.0717,11.0074,9.8725,13.6546,3,0,1,0,2,0.2834,0.382,0.0434,0.2911
R-1528,M-244,Enterprise,EMEA,26.9,No,197900,45,11,0.2444,0.2506,24.0,47,1.9583,1.7294,10.8917,10.2343,10.4441,34,14,13,2,5,0.4936,0.2657,0.1793,0.0614
R-1529,M-244,Enterprise,EMEA,13.0,Yes,180500,22,8,0.3636,0.2867,13.0,27,2.0769,2.2727,10.123,10.1834,7.2344,14,5,6,2,1,0.3216,0.4443,0.0567,0.1774
R-1530,M-244,Enterprise,EMEA,6.2,No,211300,6,0,0.0,0.1563,6.2,8,1.2903,1.1293,11.5753,13.7233,13.9377,6,2,3,0,1,0.371,0.5218,0.014,0.0932
R-1531,M-245,Enterprise,North America,15.6,No,172200,16,2,0.125,0.1364,15.6,26,1.6667,1.5821,12.4117,9.9138,13.496,14,4,10,0,0,0.2648,0.4454,0.0612,0.2287
R-1532,M-245,Enterprise,North America,13.6,Yes,204400,25,8,0.32,0.2326,13.6,36,2.6471,2.2827,9.0567,8.3896,11.1318,17,8,7,1,1,0.4823,0.3379,0.076,0.1038
R-1533,M-245,Enterprise,North America,22.1,Yes,129400,26,6,0.2308,0.2074,22.1,73,3.3032,3.1411,16.7713,11.8666,15.5709,20,11,8,0,1,0.4209,0.321,0.1145,0.1437
R-1534,M-245,Enterprise,North America,49.3,Yes,136600,38,12,0.3158,0.2882,24.0,56,2.3333,2.1164,17.894,10.4489,19.0327,26,5,11,4,6,0.4033,0.2891,0.1827,0.125
R-1535,M-245,Enterprise,North America,16.8,No,202000,17,1,0.0588,0.1144,16.8,37,2.2024,2.4121,14.3719,9.3989,9.0542,16,2,5,2,7,0.3672,0.1588,0.1289,0.3451
R-1536,M-245,Enterprise,North America,19.7,Yes,214700,32,12,0.375,0.3309,19.7,48,2.4365,2.6246,8.6249,9.0723,7.8362,20,12,7,1,0,0.5074,0.2777,0.0148,0.2002
R-1537,M-245,Enterprise,North America,19.1,No,180400,26,3,0.1154,0.2209,19.1,45,2.356,2.4792,9.331,8.9746,7.6631,23,9,1,6,7,0.409,0.0606,0.1988,0.3317
R-1538,M-245,Enterprise,North America,24.4,No,156100,41,5,0.122,0.1636,24.0,70,2.9167,2.5717,10.5309,8.4129,11.541,36,11,16,2,7,0.4253,0.3655,0.0714,0.1378
R-1539,M-245,Enterprise,North America,18.3,No,129200,20,4,0.2,0.1946,18.3,39,2.1311,1.8607,14.4139,10.7182,12.9473,16,11,4,0,1,0.5877,0.2611,0.0021,0.1492
R-1540,M-245,Enterprise,North America,21.4,No,193200,18,4,0.2222,0.2797,21.4,45,2.1028,2.0221,12.0468,9.9694,9.133,14,7,5,1,1,0.4969,0.2794,0.1765,0.0473
R-1541,M-246,Enterprise,EMEA,7.0,Yes,218900,7,2,0.2857,0.308,7.0,12,1.7143,2.2308,9.1982,7.5204,9.4698,5,0,5,0,0,0.2454,0.5904,0.0904,0.0738
R-1542,M-246,Enterprise,EMEA,12.4,Yes,195900,21,4,0.1905,0.382,12.4,15,1.2097,1.5481,13.0764,9.148,9.5791,17,9,4,3,1,0.617,0.202,0.0589,0.1221
R-1543,M-246,Enterprise,EMEA,7.9,No,148100,12,0,0.0,0.1701,7.9,19,2.4051,1.6593,17.2188,9.9169,12.3514,12,4,2,0,6,0.3564,0.3833,0.1185,0.1419
R-1544,M-246,Enterprise,EMEA,6.5,No,241800,4,0,0.0,0.208,6.5,8,1.2308,1.4254,10.7651,8.2818,12.743,4,2,1,1,0,0.3461,0.3929,0.1752,0.0858
R-1545,M-246,Enterprise,EMEA,28.4,No,165800,27,4,0.1481,0.1556,24.0,32,1.3333,1.419,13.9465,10.5875,12.3726,23,8,7,5,3,0.4622,0.2838,0.1392,0.1147
R-1546,M-246,Enterprise,EMEA,18.5,No,188100,17,3,0.1765,0.2732,18.5,54,2.9189,3.2303,12.8827,9.9922,12.9261,14,7,3,2,2,0.503,0.2106,0.1306,0.1558
R-1547,M-246,Enterprise,EMEA,45.6,Yes,184800,42,13,0.3095,0.3143,24.0,42,1.75,1.8815,12.615,10.4741,13.4026,29,4,13,6,6,0.243,0.3701,0.2071,0.1799
R-1548,M-246,Enterprise,EMEA,34.6,No,153200,27,7,0.2593,0.2534,24.0,59,2.4583,2.4735,8.8329,9.4662,8.024,20,11,4,0,5,0.3977,0.3174,0.1102,0.1747
R-1549,M-246,Enterprise,EMEA,15.1,No,169000,19,1,0.0526,0.2,15.1,36,2.3841,2.5958,17.0741,9.8599,13.6472,18,7,3,0,8,0.4331,0.2675,0.0169,0.2826
R-1550,M-247,SMB,North America,25.1,No,10700,109,29,0.2661,0.2435,24.0,133,5.5417,6.3011,10.0421,9.3443,7.1581,80,25,13,26,16,0.307,0.208,0.3192,0.1659
R-1551,M-247,SMB,North America,52.9,No,12000,145,43,0.2966,0.2781,24.0,190,7.9167,7.6362,10.4216,8.6338,8.3632,102,23,35,37,7,0.3102,0.2163,0.3775,0.0959
R-1552,M-247,SMB,North America,21.3,No,7500,71,12,0.169,0.2223,21.3,144,6.7606,6.3009,14.0299,9.6148,14.3949,59,13,28,12,6,0.3708,0.3998,0.1786,0.0508
R-1553,M-247,SMB,North America,20.5,Yes,10200,190,68,0.3579,0.3899,20.5,123,6.0,5.4902,10.837,9.2399,9.5004,122,3,49,39,31,0.0412,0.4226,0.2897,0.2466
R-1554,M-247,SMB,North America,47.3,No,11000,188,53,0.2819,0.3137,24.0,103,4.2917,4.152,12.7612,10.0544,10.0126,135,15,71,20,29,0.1271,0.5132,0.1523,0.2074
R-1555,M-247,SMB,North America,27.9,Yes,7800,178,46,0.2584,0.2616,24.0,194,8.0833,8.0325,16.0221,11.4193,13.3722,132,20,62,36,14,0.1554,0.4734,0.2716,0.0995
R-1556,M-247,SMB,North America,42.1,No,9200,136,49,0.3603,0.3652,24.0,162,6.75,7.4942,14.1304,9.551,14.1449,87,8,10,59,10,0.1311,0.1214,0.6429,0.1046
R-1557,M-247,SMB,North America,19.1,No,10400,230,49,0.213,0.2338,19.1,90,4.712,5.7711,10.3002,9.4202,9.3926,181,28,47,91,15,0.1891,0.2521,0.4428,0.1159
R-1558,M-247,SMB,North America,13.6,No,10400,107,21,0.1963,0.2184,13.6,64,4.7059,4.6392,12.6424,9.7984,10.3115,86,5,41,37,3,0.0923,0.4599,0.4071,0.0407
R-1559,M-247,SMB,North America,17.9,No,7900,127,21,0.1654,0.1687,17.9,96,5.3631,5.6658,13.6784,8.8516,14.1314,106,49,38,13,6,0.4674,0.3113,0.1222,0.099
R-1560,M-247,SMB,North America,11.5,No,12300,89,16,0.1798,0.1963,11.5,73,6.3478,5.8513,11.5303,9.3458,9.4791,73,22,9,22,20,0.333,0.088,0.3323,0.2467
R-1561,M-247,SMB,North America,32.2,Yes,9700,220,85,0.3864,0.3865,24.0,131,5.4583,5.6344,13.5914,10.4159,12.6025,135,35,58,36,6,0.2264,0.4389,0.2969,0.0379
R-1562,M-247,SMB,North America,48.8,Yes,10000,125,59,0.472,0.3938,24.0,146,6.0833,5.586,14.399,11.631,13.6467,66,11,21,33,1,0.1923,0.3587,0.4193,0.0298
R-1563,M-247,SMB,North America,8.9,No,9700,66,18,0.2727,0.2824,8.9,46,5.1685,4.901,11.4606,8.808,9.2665,48,17,17,12,2,0.4117,0.2759,0.2379,0.0745
R-1564,M-247,SMB,North America,5.9,Yes,8900,23,8,0.3478,0.4312,5.9,35,5.9322,5.505,7.9619,7.1343,10.7067,15,1,10,3,1,0.1138,0.6294,0.1842,0.0726
R-1565,M-247,SMB,North America,10.8,No,12100,96,37,0.3854,0.2687,10.8,51,4.7222,5.3731,9.6624,8.6137,8.0303,59,17,9,20,13,0.4042,0.1723,0.2966,0.1269
R-1566,M-248,Enterprise,APAC,8.3,No,211100,10,3,0.3,0.3034,8.3,19,2.2892,2.1497,21.3148,9.7641,15.5007,7,3,2,1,1,0.5599,0.251,0.0984,0.0907
R-1567,M-248,Enterprise,APAC,3.2,No,220100,3,2,0.6667,0.5054,3.2,3,0.9375,1.6636,4.4932,4.836,9.23,1,0,0,1,0,0.3044,0.1647,0.3349,0.196
R-1568,M-248,Enterprise,APAC,20.0,Yes,184000,27,7,0.2593,0.3585,20.0,76,3.8,3.0809,15.6715,8.288,13.6576,20,12,4,3,1,0.6535,0.1075,0.1684,0.0706
R-1569,M-248,Enterprise,APAC,23.5,Yes,120300,33,16,0.4848,0.4138,23.5,53,2.2553,2.4395,13.2437,10.8437,11.6891,17,9,7,1,0,0.4415,0.3309,0.1351,0.0925
R-1570,M-248,Enterprise,APAC,73.3,Yes,157400,18,5,0.2778,0.3585,24.0,81,3.375,3.036,6.2882,5.4757,10.9625,13,6,5,1,1,0.3138,0.4638,0.026,0.1964
R-1571,M-248,Enterprise,APAC,18.3,No,253000,16,3,0.1875,0.2359,18.3,69,3.7705,4.0065,13.3341,11.7635,15.1533,13,11,0,1,1,0.5684,0.3894,0.0128,0.0293
R-1572,M-248,Enterprise,APAC,23.3,Yes,167100,40,17,0.425,0.3582,23.3,91,3.9056,4.0611,14.7622,12.0489,14.1951,23,7,7,4,5,0.2248,0.3246,0.1887,0.2619
R-1573,M-248,Enterprise,APAC,51.2,Yes,211600,13,6,0.4615,0.3604,24.0,73,3.0417,3.3041,10.4298,8.6818,8.2936,7,3,2,2,0,0.353,0.3334,0.195,0.1186
R-1574,M-248,Enterprise,APAC,14.2,No,189600,15,5,0.3333,0.3085,14.2,18,1.2676,1.7217,10.9922,10.3275,13.915,10,8,2,0,0,0.6378,0.3063,0.0447,0.0112
R-1575,M-248,Enterprise,APAC,17.4,No,186300,16,2,0.125,0.2238,17.4,67,3.8506,3.3138,10.531,10.2129,10.8619,14,5,9,0,0,0.4649,0.3443,0.0933,0.0975
R-1576,M-249,SMB,North America,19.4,Yes,6200,183,59,0.3224,0.336,19.4,119,6.134,6.3828,9.256,8.9379,7.3975,124,21,27,25,51,0.2397,0.2039,0.1949,0.3616
R-1577,M-249,SMB,North America,35.4,No,9300,214,28,0.1308,0.1682,24.0,184,7.6667,7.6199,13.5186,9.8365,12.626,186,27,31,56,72,0.1261,0.1654,0.3394,0.3691
R-1578,M-249,SMB,North America,16.0,Yes,7800,78,21,0.2692,0.1522,16.0,67,4.1875,4.2896,14.3961,9.6486,13.4809,57,8,15,26,8,0.2044,0.2752,0.3983,0.1221
R-1579,M-249,SMB,North America,10.6,No,9900,91,23,0.2527,0.225,10.6,58,5.4717,5.4113,14.3551,10.4749,15.4868,68,17,34,8,9,0.1927,0.5359,0.1432,0.1282
R-1580,M-249,SMB,North America,38.4,Yes,8400,191,69,0.3613,0.3384,24.0,145,6.0417,6.2906,15.3049,9.7572,14.0664,122,48,49,18,7,0.3476,0.4161,0.1834,0.0528
R-1581,M-249,SMB,North America,13.1,No,7400,86,19,0.2209,0.2865,13.1,81,6.1832,6.6424,12.3339,9.7041,11.0391,67,7,19,20,21,0.1676,0.2157,0.2475,0.3693
R-1582,M-249,SMB,North America,7.5,No,12000,50,13,0.26,0.1888,7.5,62,8.2667,7.1165,14.2228,10.2802,14.1186,37,2,16,16,3,0.0967,0.4659,0.3203,0.1171
R-1583,M-250,Enterprise,APAC,26.8,Yes,212800,26,13,0.5,0.3571,24.0,43,1.7917,1.7646,16.5469,8.8989,17.6274,13,8,2,0,3,0.4893,0.2063,0.0548,0.2496
R-1584,M-250,Enterprise,APAC,1.1,Yes,221400,3,1,0.3333,0.3106,1.1,2,1.8182,1.2659,15.3434,2.2429,11.4913,2,0,0,0,2,0.4202,0.2737,0.0363,0.2697
R-1585,M-250,Enterprise,APAC,72.7,Yes,169900,27,7,0.2593,0.2042,24.0,67,2.7917,2.538,14.5055,12.0412,10.784,20,13,3,1,3,0.5647,0.179,0.074,0.1822
R-1586,M-250,Enterprise,APAC,22.0,Yes,198300,28,6,0.2143,0.2753,22.0,35,1.5909,1.7964,14.8771,10.8312,14.7396,22,5,12,5,0,0.2809,0.4942,0.101,0.1239
R-1587,M-250,Enterprise,APAC,23.0,No,212000,31,2,0.0645,0.1056,23.0,68,2.9565,2.481,16.651,8.1286,16.5933,29,11,11,6,1,0.3865,0.4106,0.1434,0.0595
R-1588,M-250,Enterprise,APAC,21.7,Yes,160800,22,1,0.0455,0.1756,21.7,83,3.8249,3.4422,11.9675,9.1663,11.2968,21,12,8,1,0,0.3917,0.5162,0.0179,0.0743
R-1589,M-251,Mid-Market,EMEA,29.4,Yes,31400,121,39,0.3223,0.2866,24.0,72,3.0,3.0862,21.561,9.6009,19.356,82,24,36,13,9,0.4321,0.3682,0.1513,0.0484
R-1590,M-251,Mid-Market,EMEA,38.9,Yes,30900,91,20,0.2198,0.2231,24.0,102,4.25,4.4583,14.6945,9.4789,13.7261,71,18,28,11,14,0.2279,0.432,0.1637,0.1764
R-1591,M-251,Mid-Market,EMEA,16.8,Yes,26500,29,11,0.3793,0.3238,16.8,39,2.3214,2.1535,17.7084,6.4498,14.9425,18,7,8,1,2,0.4327,0.3662,0.0853,0.1159
R-1592,M-251,Mid-Market,EMEA,9.1,No,44200,36,10,0.2778,0.2663,9.1,32,3.5165,3.662,10.3683,8.4279,11.5869,26,7,18,1,0,0.4708,0.4578,0.0312,0.0401
R-1593,M-251,Mid-Market,EMEA,44.9,No,31200,76,33,0.4342,0.413,24.0,82,3.4167,3.5104,8.9387,8.5553,8.1793,43,2,12,15,14,0.0867,0.2505,0.4788,0.184
R-1594,M-251,Mid-Market,EMEA,9.6,No,49200,16,7,0.4375,0.2182,9.6,41,4.2708,3.734,11.6333,7.9772,15.1923,9,4,3,2,0,0.5298,0.2159,0.2488,0.0055
R-1595,M-251,Mid-Market,EMEA,70.0,Yes,38200,75,35,0.4667,0.3931,24.0,84,3.5,4.0403,14.4665,10.2409,13.3825,40,19,16,2,3,0.5298,0.3818,0.0468,0.0416
R-1596,M-251,Mid-Market,EMEA,15.6,No,19000,42,15,0.3571,0.2525,15.6,68,4.359,4.3729,17.8037,12.8489,15.2656,27,11,6,1,9,0.3264,0.2639,0.1849,0.2248
R-1597,M-251,Mid-Market,EMEA,13.2,Yes,39500,37,19,0.5135,0.3842,13.2,47,3.5606,3.1669,14.6918,9.8244,12.6539,18,11,6,1,0,0.393,0.382,0.0725,0.1525
R-1598,M-251,Mid-Market,EMEA,25.5,Yes,43800,98,33,0.3367,0.2959,24.0,109,4.5417,5.1562,11.9433,10.6604,9.4274,65,12,14,19,20,0.2203,0.1701,0.3019,0.3077
R-1599,M-251,Mid-Market,EMEA,7.2,Yes,46800,22,5,0.2273,0.3146,7.2,35,4.8611,3.7629,16.2984,13.2105,17.5207,17,4,4,3,6,0.3445,0.1515,0.1529,0.3511
R-1600,M-251,Mid-Market,EMEA,57.2,Yes,32100,78,38,0.4872,0.5229,24.0,81,3.375,3.9897,12.3982,10.5538,13.1978,40,9,11,15,5,0.3337,0.3046,0.1984,0.1633
R-1601,M-251,Mid-Market,EMEA,27.8,Yes,40400,91,49,0.5385,0.4336,24.0,133,5.5417,5.4656,14.5835,10.8435,13.3054,42,17,15,6,4,0.4647,0.2442,0.1845,0.1066
R-1602,M-251,Mid-Market,EMEA,11.5,No,29100,40,10,0.25,0.3441,11.5,36,3.1304,2.3976,10.8918,9.3912,11.1511,30,5,12,10,3,0.1825,0.3691,0.3863,0.0621
R-1603,M-251,Mid-Market,EMEA,68.9,Yes,39200,73,38,0.5205,0.5348,24.0,92,3.8333,4.2065,10.0346,9.8378,10.2995,35,17,11,7,0,0.5333,0.307,0.1537,0.006
R-1604,M-251,Mid-Market,EMEA,4.9,No,35400,11,1,0.0909,0.1923,4.9,14,2.8571,2.7238,11.9944,7.425,10.3623,10,5,3,0,2,0.3029,0.4881,0.1237,0.0853
R-1605,M-251,Mid-Market,EMEA,28.4,No,44600,65,17,0.2615,0.3642,24.0,125,5.2083,5.0828,17.985,10.2596,15.2371,48,15,7,8,18,0.2635,0.282,0.1321,0.3223
R-1606,M-252,SMB,APAC,11.6,No,7100,119,37,0.3109,0.2286,11.6,110,9.4828,8.5573,12.9497,10.4252,12.3845,82,27,24,20,11,0.3423,0.2443,0.1956,0.2178
R-1607,M-252,SMB,APAC,85.6,Yes,7200,150,83,0.5533,0.5855,24.0,92,3.8333,4.0978,20.217,10.5363,18.2962,67,9,27,13,18,0.1647,0.3916,0.2259,0.2177
R-1608,M-252,SMB,APAC,60.5,No,7100,204,99,0.4853,0.4464,24.0,208,8.6667,8.0674,12.2328,9.5486,11.7685,105,32,46,15,12,0.2502,0.4693,0.1579,0.1226
R-1609,M-252,SMB,APAC,40.8,Yes,9400,129,50,0.3876,0.4891,24.0,179,7.4583,8.191,14.5571,10.1767,16.5022,79,21,15,31,12,0.24,0.1317,0.3783,0.2501
R-1610,M-252,SMB,APAC,1.1,No,7500,4,0,0.0,0.3571,1.1,5,4.5455,4.9354,11.3053,5.8393,14.4329,4,0,1,0,3,0.1894,0.2278,0.1982,0.3846
R-1611,M-252,SMB,APAC,7.5,No,9300,34,12,0.3529,0.2458,7.5,84,11.2,11.417,15.1635,8.8397,14.3688,22,2,8,4,8,0.1108,0.3695,0.2657,0.254
R-1612,M-252,SMB,APAC,13.2,Yes,9000,94,38,0.4043,0.3067,13.2,70,5.303,4.6638,15.7542,10.229,16.8701,56,8,21,22,5,0.144,0.3892,0.3959,0.0709
R-1613,M-252,SMB,APAC,14.6,No,7500,97,13,0.134,0.1433,14.6,60,4.1096,4.3294,12.9835,11.183,13.4867,84,20,16,34,14,0.2402,0.1941,0.3812,0.1845
R-1614,M-252,SMB,APAC,14.4,Yes,11300,91,27,0.2967,0.3871,14.4,51,3.5417,4.1826,11.0212,10.1634,8.7611,64,2,30,21,11,0.0219,0.4589,0.3326,0.1867
R-1615,M-252,SMB,APAC,75.9,Yes,8700,204,105,0.5147,0.4905,24.0,114,4.75,4.8869,17.1514,10.0623,16.9431,99,29,38,26,6,0.3823,0.3671,0.2056,0.045
R-1616,M-252,SMB,APAC,18.4,No,11400,141,23,0.1631,0.2395,18.4,70,3.8043,3.7656,12.6972,9.1541,10.4949,118,29,27,44,18,0.2054,0.2225,0.3792,0.1929
R-1617,M-252,SMB,APAC,26.0,No,9400,180,46,0.2556,0.2404,24.0,62,2.5833,2.5679,11.2887,9.4345,9.7294,134,48,11,48,27,0.3476,0.1175,0.3797,0.1552
R-1618,M-252,SMB,APAC,15.3,No,9000,125,37,0.296,0.3023,15.3,88,5.7516,5.1725,11.1496,9.9795,11.1547,88,31,31,19,7,0.335,0.3571,0.1662,0.1417
R-1619,M-253,Enterprise,APAC,7.0,Yes,269600,6,1,0.1667,0.2464,7.0,13,1.8571,2.3149,9.4018,8.5178,12.4909,5,2,3,0,0,0.358,0.5328,0.0215,0.0877
R-1620,M-253,Enterprise,APAC,14.6,No,250000,23,5,0.2174,0.1509,14.6,36,2.4658,2.1187,10.8899,10.6394,9.2051,18,11,7,0,0,0.5717,0.3757,0.0036,0.049
R-1621,M-253,Enterprise,APAC,66.0,Yes,227300,35,7,0.2,0.2395,24.0,68,2.8333,3.1064,11.9814,10.0952,12.76,28,19,8,1,0,0.4597,0.3466,0.1015,0.0922
R-1622,M-253,Enterprise,APAC,17.6,No,221100,24,2,0.0833,0.0631,17.6,51,2.8977,3.1537,12.7271,11.9134,13.75,22,5,10,4,3,0.2442,0.3277,0.2532,0.1749
R-1623,M-253,Enterprise,APAC,29.8,Yes,195700,23,2,0.087,0.0744,24.0,67,2.7917,2.2723,14.4943,8.3885,11.617,21,7,13,0,1,0.4741,0.4531,0.0294,0.0435
R-1624,M-253,Enterprise,APAC,13.3,No,207500,20,1,0.05,0.097,13.3,29,2.1805,2.0243,17.6819,12.1974,11.4195,19,11,4,1,3,0.5961,0.137,0.1034,0.1635
R-1625,M-253,Enterprise,APAC,33.2,No,151200,19,4,0.2105,0.1801,24.0,48,2.0,1.8352,8.05,7.4552,14.0955,15,6,6,2,1,0.3106,0.345,0.1356,0.2088
R-1626,M-253,Enterprise,APAC,9.7,No,151500,11,3,0.2727,0.1108,9.7,37,3.8144,3.2383,12.3688,7.5595,10.3964,8,1,5,2,0,0.2245,0.3432,0.3489,0.0834
R-1627,M-253,Enterprise,APAC,3.1,No,171400,3,0,0.0,0.0348,3.1,4,1.2903,2.2598,16.1756,4.0798,13.0085,3,0,3,0,0,0.2184,0.612,0.0615,0.1081
R-1628,M-254,SMB,EMEA,35.9,No,7900,161,43,0.2671,0.3389,24.0,203,8.4583,8.8117,16.5841,9.824,16.281,118,21,43,23,31,0.1553,0.3714,0.2341,0.2391
R-1629,M-254,SMB,EMEA,18.3,Yes,9700,143,68,0.4755,0.464,18.3,138,7.541,7.5601,13.999,9.9456,13.1726,75,15,23,30,7,0.1916,0.3468,0.3418,0.1199
R-1630,M-254,SMB,EMEA,7.9,No,9400,44,16,0.3636,0.2619,7.9,54,6.8354,7.6195,14.9636,9.8782,14.6269,28,4,9,13,2,0.0883,0.3115,0.5519,0.0483
R-1631,M-254,SMB,EMEA,17.9,No,5800,107,42,0.3925,0.4026,17.9,109,6.0894,6.2615,10.8549,9.1181,11.7062,65,2,30,30,3,0.0638,0.4571,0.4067,0.0724
R-1632,M-254,SMB,EMEA,38.4,No,8800,198,88,0.4444,0.4491,24.0,107,4.4583,4.8662,18.9299,10.2677,18.2006,110,26,50,25,9,0.2044,0.5059,0.2224,0.0673
R-1633,M-254,SMB,EMEA,40.5,No,7900,161,24,0.1491,0.1904,24.0,99,4.125,4.4214,12.8306,9.5085,11.7341,137,7,56,48,26,0.0755,0.3827,0.2995,0.2423
R-1634,M-254,SMB,EMEA,4.9,Yes,10300,26,9,0.3462,0.2826,4.9,19,3.8776,4.3273,17.4517,9.0938,16.0244,17,5,4,5,3,0.2268,0.4292,0.193,0.151
R-1635,M-254,SMB,EMEA,40.7,Yes,11100,160,42,0.2625,0.277,24.0,190,7.9167,8.7261,10.1432,8.561,8.2142,118,48,36,19,15,0.3215,0.3478,0.1685,0.1622
R-1636,M-254,SMB,EMEA,15.3,No,13100,150,50,0.3333,0.3019,15.3,98,6.4052,5.8143,11.3785,9.6916,8.5649,100,2,55,28,15,0.0443,0.5425,0.234,0.1792
R-1637,M-254,SMB,EMEA,3.8,Yes,8400,15,5,0.3333,0.3539,3.8,21,5.5263,7.1345,13.9643,9.1661,14.0797,10,6,1,1,2,0.4828,0.1563,0.0979,0.263
R-1638,M-254,SMB,EMEA,27.3,No,10000,223,78,0.3498,0.3012,24.0,171,7.125,7.1127,11.0703,9.569,10.2439,145,42,31,34,38,0.2419,0.2871,0.1925,0.2785
R-1639,M-254,SMB,EMEA,19.0,No,9100,159,52,0.327,0.2759,19.0,179,9.4211,10.3881,13.4946,10.2273,14.0621,107,11,42,43,11,0.1667,0.3504,0.3702,0.1127
R-1640,M-254,SMB,EMEA,3.9,Yes,9200,17,7,0.4118,0.2832,3.9,19,4.8718,4.8311,10.2464,9.7045,10.7294,10,0,8,1,1,0.052,0.6725,0.143,0.1325
R-1641,M-254,SMB,EMEA,5.8,No,7300,27,7,0.2593,0.3225,5.8,37,6.3793,7.3132,10.5909,9.2121,11.2461,20,6,6,7,1,0.2691,0.3332,0.362,0.0357
R-1642,M-254,SMB,EMEA,9.2,No,9500,70,25,0.3571,0.2542,9.2,63,6.8478,6.9136,15.9477,11.6395,16.3837,45,6,16,13,10,0.2651,0.3302,0.17,0.2347
R-1643,M-254,SMB,EMEA,21.9,No,10200,212,50,0.2358,0.235,21.9,110,5.0228,5.1921,16.0798,10.5294,15.0929,162,72,53,35,2,0.4413,0.3254,0.2226,0.0107
R-1644,M-255,Mid-Market,APAC,57.5,No,43900,65,23,0.3538,0.2311,24.0,84,3.5,3.3817,16.3499,11.339,15.1164,42,14,14,13,1,0.232,0.4225,0.3196,0.0259
R-1645,M-255,Mid-Market,APAC,25.6,No,35500,78,10,0.1282,0.171,24.0,101,4.2083,4.5778,12.8822,10.2517,12.3416,68,16,37,5,10,0.1973,0.5385,0.0531,0.2111
R-1646,M-255,Mid-Market,APAC,17.2,No,48400,47,14,0.2979,0.2533,17.2,36,2.093,3.2886,13.4539,8.8964,12.4408,33,2,4,19,8,0.1729,0.1616,0.5213,0.1443
R-1647,M-255,Mid-Market,APAC,14.4,Yes,47700,35,13,0.3714,0.2613,14.4,48,3.3333,3.6651,12.1833,9.6958,11.3885,22,7,6,7,2,0.5118,0.1528,0.2285,0.1068
R-1648,M-255,Mid-Market,APAC,46.2,Yes,47000,66,24,0.3636,0.345,24.0,102,4.25,4.683,11.2356,9.1461,9.2929,42,16,19,6,1,0.2785,0.5628,0.0951,0.0636
R-1649,M-255,Mid-Market,APAC,39.1,Yes,52300,48,25,0.5208,0.4495,24.0,67,2.7917,2.7494,11.8525,8.6331,12.2754,23,7,5,4,7,0.3826,0.2483,0.0855,0.2835
R-1650,M-255,Mid-Market,APAC,10.2,Yes,29000,18,3,0.1667,0.3379,10.2,40,3.9216,4.2688,11.9478,8.36,12.8112,15,8,2,4,1,0.3275,0.327,0.1912,0.1543
R-1651,M-255,Mid-Market,APAC,45.1,Yes,57000,87,23,0.2644,0.2583,24.0,124,5.1667,5.0875,16.2281,10.1723,16.2218,64,29,23,3,9,0.3585,0.3799,0.1035,0.1581
R-1652,M-255,Mid-Market,APAC,15.5,No,47600,75,13,0.1733,0.2712,15.5,62,4.0,4.9273,10.8308,8.5228,10.0485,62,17,12,25,8,0.336,0.2594,0.3094,0.0952
R-1653,M-255,Mid-Market,APAC,44.2,Yes,49200,90,33,0.3667,0.314,24.0,106,4.4167,4.9173,18.1655,10.0824,18.2888,57,16,29,6,6,0.2525,0.5925,0.0736,0.0814
R-1654,M-255,Mid-Market,APAC,59.2,No,46800,66,38,0.5758,0.5091,24.0,61,2.5417,2.3438,7.9831,7.5962,4.2736,28,14,3,8,3,0.5135,0.1013,0.2149,0.1703
R-1655,M-255,Mid-Market,APAC,29.4,Yes,36200,97,46,0.4742,0.4807,24.0,59,2.4583,2.5683,13.3294,9.8111,12.5163,51,12,30,4,5,0.3101,0.5595,0.0232,0.1072
R-1656,M-255,Mid-Market,APAC,5.9,No,51100,15,1,0.0667,0.0952,5.9,25,4.2373,4.3201,20.0314,9.5196,18.2435,14,4,2,7,1,0.3842,0.1239,0.3228,0.1691
R-1657,M-255,Mid-Market,APAC,75.4,No,47500,118,51,0.4322,0.3558,24.0,96,4.0,4.1154,15.8865,9.329,15.4923,67,23,21,23,0,0.2647,0.3913,0.3345,0.0095
R-1658,M-256,SMB,North America,8.9,No,9900,58,26,0.4483,0.3393,8.9,58,6.5169,5.4656,12.4089,9.7292,11.6921,32,4,11,15,2,0.2108,0.293,0.3676,0.1286
R-1659,M-256,SMB,North America,6.1,Yes,8700,17,8,0.4706,0.379,6.1,16,2.623,3.2192,8.7969,8.5636,9.0403,9,0,4,4,1,0.1118,0.3672,0.2784,0.2427
R-1660,M-256,SMB,North America,7.1,Yes,9100,42,10,0.2381,0.3662,7.1,33,4.6479,4.2082,11.3124,10.305,10.7365,32,5,15,8,4,0.2165,0.4691,0.2703,0.0441
R-1661,M-256,SMB,North America,29.7,No,9100,207,87,0.4203,0.4071,24.0,89,3.7083,3.6526,12.7348,10.0803,11.7378,120,45,24,19,32,0.3203,0.2541,0.1692,0.2564
R-1662,M-256,SMB,North America,25.3,Yes,11200,224,121,0.5402,0.547,24.0,132,5.5,5.5339,12.312,9.336,11.7592,103,3,34,54,12,0.0308,0.4056,0.4241,0.1395
R-1663,M-256,SMB,North America,5.0,Yes,8600,27,8,0.2963,0.3384,5.0,29,5.8,6.5047,8.2459,7.6027,10.2702,19,2,9,7,1,0.1087,0.5174,0.3403,0.0336
R-1664,M-257,Mid-Market,APAC,10.3,No,34500,40,7,0.175,0.1586,10.3,41,3.9806,4.7528,12.7336,9.4269,11.197,33,17,9,2,5,0.5093,0.2376,0.1247,0.1285
R-1665,M-257,Mid-Market,APAC,12.6,Yes,35900,56,16,0.2857,0.2842,12.6,50,3.9683,4.7253,17.4551,10.9402,16.1924,40,21,9,8,2,0.4166,0.2368,0.2769,0.0697
R-1666,M-257,Mid-Market,APAC,9.3,No,49400,24,4,0.1667,0.2002,9.3,33,3.5484,3.2611,10.162,7.2735,5.7328,20,1,9,8,2,0.1376,0.4118,0.334,0.1167
R-1667,M-257,Mid-Market,APAC,79.8,Yes,47800,60,41,0.6833,0.6449,24.0,79,3.2917,3.9112,10.2923,9.1855,6.0636,19,5,3,5,6,0.3207,0.1632,0.3532,0.1628
R-1668,M-257,Mid-Market,APAC,36.7,Yes,39800,90,39,0.4333,0.3001,24.0,185,7.7083,7.4086,12.5064,10.1118,12.0873,51,22,25,4,0,0.4214,0.3968,0.1518,0.0301
R-1669,M-257,Mid-Market,APAC,56.3,Yes,56500,79,26,0.3291,0.4269,24.0,146,6.0833,6.2742,7.24,6.5074,5.7114,53,9,19,17,8,0.2128,0.2959,0.3338,0.1575
R-1670,M-257,Mid-Market,APAC,33.9,Yes,39100,72,28,0.3889,0.3334,24.0,91,3.7917,4.1997,9.1178,7.9868,8.8052,44,9,30,1,4,0.1843,0.6778,0.0447,0.0933
R-1671,M-257,Mid-Market,APAC,6.7,Yes,47700,23,5,0.2174,0.1633,6.7,22,3.2836,3.7365,17.1888,10.2355,14.441,18,7,8,0,3,0.5375,0.3812,0.0428,0.0385
R-1672,M-257,Mid-Market,APAC,20.3,No,40900,67,4,0.0597,0.0844,20.3,70,3.4483,3.7967,12.2231,9.3921,14.0247,63,35,9,15,4,0.5608,0.2447,0.135,0.0595
R-1673,M-258,Mid-Market,North America,25.4,No,34100,54,33,0.6111,0.6076,24.0,74,3.0833,3.45,9.4076,8.6449,8.6094,21,2,4,9,6,0.1327,0.2329,0.4009,0.2335
R-1674,M-258,Mid-Market,North America,42.8,Yes,39000,43,20,0.4651,0.5466,24.0,83,3.4583,3.4029,15.0535,11.0619,16.0597,23,16,5,2,0,0.7582,0.1825,0.0536,0.0058
R-1675,M-258,Mid-Market,North America,22.7,No,41700,70,39,0.5571,0.4756,22.7,121,5.3304,4.9496,10.9568,9.9101,8.9657,31,18,3,6,4,0.5076,0.0733,0.2917,0.1275
R-1676,M-258,Mid-Market,North America,8.0,Yes,46200,26,12,0.4615,0.4296,8.0,20,2.5,3.2993,12.4731,8.7885,12.7176,14,3,4,4,3,0.3981,0.2969,0.2461,0.0589
R-1677,M-258,Mid-Market,North America,3.5,No,45100,7,3,0.4286,0.3343,3.5,12,3.4286,1.8669,9.4419,7.8955,12.1619,4,1,2,0,1,0.279,0.2028,0.2291,0.289
R-1678,M-258,Mid-Market,North America,20.1,Yes,41600,97,48,0.4948,0.4843,20.1,118,5.8706,5.2401,12.903,9.23,12.4246,49,21,11,4,13,0.3284,0.3598,0.0212,0.2906
R-1679,M-258,Mid-Market,North America,11.9,No,27700,40,19,0.475,0.3827,11.9,50,4.2017,3.55,21.6748,9.8502,18.8523,21,11,6,1,3,0.3847,0.4522,0.1124,0.0508
R-1680,M-258,Mid-Market,North America,27.4,Yes,47800,56,31,0.5536,0.5082,24.0,51,2.125,2.2006,9.4952,8.1722,7.4429,25,7,3,12,3,0.3907,0.1326,0.3737,0.103
R-1681,M-258,Mid-Market,North America,22.6,Yes,32500,57,27,0.4737,0.4885,22.6,127,5.6195,5.3384,14.433,10.2452,12.9647,30,15,9,3,3,0.4856,0.3638,0.071,0.0796
R-1682,M-258,Mid-Market,North America,22.7,No,42800,101,38,0.3762,0.3342,22.7,51,2.2467,2.612,13.7099,10.9737,13.6569,63,7,12,31,13,0.1274,0.2653,0.4541,0.1531
R-1683,M-258,Mid-Market,North America,6.0,No,45500,17,2,0.1176,0.2205,6.0,16,2.6667,3.516,12.2058,8.0504,13.6377,15,6,5,1,3,0.374,0.3808,0.09,0.1552
R-1684,M-258,Mid-Market,North America,24.8,No,25200,85,31,0.3647,0.3491,24.0,66,2.75,2.9206,13.9094,10.5627,13.5636,54,3,22,15,14,0.1491,0.3638,0.2211,0.2661
R-1685,M-259,Mid-Market,EMEA,34.3,No,34200,64,19,0.2969,0.2238,24.0,150,6.25,5.4166,9.4001,8.2249,7.441,45,14,13,7,11,0.3117,0.3575,0.0803,0.2505
R-1686,M-259,Mid-Market,EMEA,43.1,No,37800,84,23,0.2738,0.3634,24.0,91,3.7917,4.0329,11.0129,8.9492,8.9292,61,3,16,27,15,0.1276,0.2814,0.4231,0.168
R-1687,M-259,Mid-Market,EMEA,35.3,Yes,45500,71,19,0.2676,0.2994,24.0,144,6.0,5.6993,10.5215,9.5412,10.3989,52,30,10,11,1,0.6534,0.1182,0.1804,0.048
R-1688,M-259,Mid-Market,EMEA,5.8,Yes,36200,15,3,0.2,0.2276,5.8,29,5.0,5.296,9.3683,7.9382,15.189,12,1,4,5,2,0.1868,0.2705,0.3498,0.1929
R-1689,M-259,Mid-Market,EMEA,30.5,Yes,38100,71,29,0.4085,0.3737,24.0,116,4.8333,4.9014,12.0281,9.3826,10.1168,42,21,9,5,7,0.3818,0.3332,0.086,0.199
R-1690,M-259,Mid-Market,EMEA,12.2,Yes,42100,66,30,0.4545,0.4619,12.2,46,3.7705,3.9614,19.1705,9.7259,16.0504,36,9,18,3,6,0.3956,0.3752,0.0939,0.1354
R-1691,M-259,Mid-Market,EMEA,10.2,No,41200,47,14,0.2979,0.2848,10.2,43,4.2157,5.3084,14.4976,8.449,13.3483,33,4,25,2,2,0.0808,0.7344,0.1106,0.0743
R-1692,M-259,Mid-Market,EMEA,33.8,Yes,37100,111,40,0.3604,0.4544,24.0,96,4.0,4.3472,11.8384,9.9551,10.3858,71,25,30,13,3,0.222,0.5971,0.161,0.0199
R-1693,M-260,Mid-Market,North America,17.1,Yes,51100,78,5,0.0641,0.1049,17.1,76,4.4444,4.117,18.0562,10.4976,15.7388,73,30,32,6,5,0.3599,0.461,0.0767,0.1024
R-1694,M-260,Mid-Market,North America,6.7,No,52300,13,4,0.3077,0.1787,6.7,26,3.8806,3.7637,23.8486,7.5363,19.2406,9,3,1,4,1,0.3665,0.0933,0.3308,0.2094
R-1695,M-260,Mid-Market,North America,20.4,No,53400,68,0,0.0,0.067,20.4,86,4.2157,4.0628,19.4301,10.7868,17.3822,68,25,14,23,6,0.2502,0.2139,0.2741,0.2618
R-1696,M-260,Mid-Market,North America,68.6,Yes,45200,77,3,0.039,0.1291,24.0,86,3.5833,3.6691,13.6505,8.0543,11.8614,74,15,15,35,9,0.2476,0.1785,0.466,0.1079
R-1697,M-260,Mid-Market,North America,24.8,No,42700,64,12,0.1875,0.0829,24.0,73,3.0417,2.9025,16.7444,10.528,15.9016,52,9,13,23,7,0.1453,0.217,0.4381,0.1995
R-1698,M-260,Mid-Market,North America,37.1,Yes,33300,91,6,0.0659,0.0666,24.0,77,3.2083,3.2869,9.4243,8.9417,7.0923,85,30,47,2,6,0.3395,0.5224,0.0449,0.0932
R-1699,M-260,Mid-Market,North America,18.6,No,30500,89,14,0.1573,0.1548,18.6,66,3.5484,3.3791,15.1427,10.0708,14.0239,75,26,13,28,8,0.3555,0.1603,0.3505,0.1337
R-1700,M-260,Mid-Market,North America,16.1,No,42900,60,7,0.1167,0.0824,16.1,45,2.795,2.8851,11.7776,8.0787,11.2934,53,28,9,16,0,0.5488,0.1658,0.2641,0.0213
R-1701,M-260,Mid-Market,North America,47.8,Yes,55700,84,11,0.131,0.1688,24.0,58,2.4167,2.8343,11.9088,10.1006,10.2266,73,15,31,14,13,0.1933,0.4085,0.2232,0.175
R-1702,M-260,Mid-Market,North America,48.7,Yes,40800,66,9,0.1364,0.1314,24.0,62,2.5833,2.8059,11.7713,11.0938,9.1448,57,27,14,4,12,0.4932,0.2813,0.0684,0.1571
R-1703,M-260,Mid-Market,North America,54.8,Yes,50800,62,11,0.1774,0.2091,24.0,129,5.375,4.6584,9.8763,9.8559,7.9698,51,23,12,2,14,0.4362,0.1849,0.1088,0.27
R-1704,M-260,Mid-Market,North America,13.9,No,43000,43,13,0.3023,0.2923,13.9,22,1.5827,1.6282,14.7224,12.3632,17.1273,30,2,12,8,8,0.1315,0.4079,0.2615,0.1991
R-1705,M-261,SMB,EMEA,18.1,No,9000,137,64,0.4672,0.46,18.1,121,6.6851,5.7788,13.7564,10.0992,12.984,73,22,28,12,11,0.2303,0.4663,0.1934,0.11
R-1706,M-261,SMB,EMEA,14.4,No,9800,165,44,0.2667,0.2687,14.4,86,5.9722,5.9562,11.8823,9.9067,11.102,121,51,33,33,4,0.3917,0.3288,0.2256,0.0539
R-1707,M-261,SMB,EMEA,19.6,No,9900,196,72,0.3673,0.3207,19.6,127,6.4796,6.2286,13.0473,10.3801,12.8141,124,36,45,9,34,0.3316,0.2997,0.0908,0.278
R-1708,M-261,SMB,EMEA,5.1,No,10300,28,11,0.3929,0.3429,5.1,50,9.8039,7.9465,12.1048,8.8489,11.1749,17,8,7,2,0,0.3436,0.3816,0.1887,0.0861
R-1709,M-261,SMB,EMEA,4.4,Yes,11800,22,14,0.6364,0.4803,4.4,43,9.7727,7.5436,7.6305,8.0358,5.5114,8,0,3,1,4,0.0703,0.5259,0.1651,0.2387
R-1710,M-261,SMB,EMEA,15.6,No,8200,149,64,0.4295,0.4309,15.6,132,8.4615,8.2913,9.6752,9.5449,9.2008,85,11,36,12,26,0.2187,0.3256,0.2314,0.2242
R-1711,M-261,SMB,EMEA,42.4,Yes,5900,161,84,0.5217,0.5096,24.0,180,7.5,7.5116,12.2305,9.8435,9.8209,77,42,25,4,6,0.4721,0.3446,0.0905,0.0929
R-1712,M-261,SMB,EMEA,24.4,Yes,8900,135,65,0.4815,0.4409,24.0,234,9.75,9.6585,12.264,8.8445,12.6327,70,5,18,32,15,0.034,0.3602,0.446,0.1598
R-1713,M-261,SMB,EMEA,20.4,No,6200,124,50,0.4032,0.4599,20.4,181,8.8725,8.4917,13.5765,10.138,12.7375,74,27,11,25,11,0.3792,0.1702,0.3127,0.1379
R-1714,M-261,SMB,EMEA,11.1,Yes,8500,38,18,0.4737,0.4996,11.1,54,4.8649,5.8412,12.3367,9.7333,11.5643,20,2,12,4,2,0.1667,0.6791,0.0532,0.101
R-1715,M-261,SMB,EMEA,4.4,No,8700,19,6,0.3158,0.254,4.4,37,8.4091,9.2364,14.2813,11.7446,11.2171,13,1,9,2,1,0.1536,0.4861,0.1888,0.1715
R-1716,M-261,SMB,EMEA,40.1,Yes,10900,211,112,0.5308,0.535,24.0,161,6.7083,6.843,10.8746,8.6723,10.8582,99,20,36,30,13,0.1413,0.4362,0.2695,0.153
R-1717,M-261,SMB,EMEA,21.3,Yes,7900,216,92,0.4259,0.4682,21.3,142,6.6667,7.2006,13.9976,9.5651,13.0099,124,56,9,34,25,0.4383,0.0921,0.3083,0.1613
R-1718,M-261,SMB,EMEA,6.1,No,8100,35,15,0.4286,0.3812,6.1,39,6.3934,7.6298,13.4817,9.7773,12.7073,20,4,8,7,1,0.2222,0.3901,0.2772,0.1105
R-1719,M-261,SMB,EMEA,23.6,No,8800,185,49,0.2649,0.2987,23.6,205,8.6864,8.2426,10.83,8.7786,11.3132,136,13,45,18,60,0.0749,0.4012,0.1359,0.388
R-1720,M-261,SMB,EMEA,8.0,No,12400,54,16,0.2963,0.3377,8.0,63,7.875,6.8293,11.8931,9.1315,11.8198,38,6,21,7,4,0.1477,0.5014,0.1692,0.1817
R-1721,M-262,Mid-Market,APAC,26.6,Yes,40800,59,8,0.1356,0.1387,24.0,108,4.5,3.9404,15.8236,9.0477,14.3241,51,35,9,4,3,0.4552,0.2875,0.0936,0.1638
R-1722,M-262,Mid-Market,APAC,46.5,Yes,40300,93,38,0.4086,0.4618,24.0,131,5.4583,4.7234,15.1822,9.3427,16.5411,55,4,11,19,21,0.0961,0.1875,0.3804,0.3361
R-1723,M-262,Mid-Market,APAC,20.8,Yes,35200,99,11,0.1111,0.1818,20.8,78,3.75,4.0333,19.9937,9.9851,20.0285,88,49,15,17,7,0.5065,0.2197,0.2161,0.0577
R-1724,M-262,Mid-Market,APAC,22.9,No,48800,72,21,0.2917,0.1805,22.9,104,4.5415,4.445,11.9228,8.8043,12.6821,51,21,9,15,6,0.3965,0.1633,0.2781,0.1622
R-1725,M-262,Mid-Market,APAC,58.3,Yes,37800,44,2,0.0455,0.1303,24.0,79,3.2917,3.3733,18.0608,10.2543,17.5318,42,11,19,4,8,0.2095,0.643,0.0451,0.1025
R-1726,M-262,Mid-Market,APAC,19.8,Yes,46500,65,33,0.5077,0.461,19.8,106,5.3535,4.9774,15.4925,9.5998,14.7641,32,11,10,8,3,0.2759,0.447,0.2232,0.0539
R-1727,M-262,Mid-Market,APAC,8.7,No,38400,14,2,0.1429,0.1945,8.7,40,4.5977,5.1124,12.6925,11.2549,13.6032,12,4,2,2,4,0.4532,0.2963,0.1497,0.1008
R-1728,M-262,Mid-Market,APAC,38.2,Yes,40000,76,27,0.3553,0.3462,24.0,99,4.125,4.0567,14.9445,10.5919,14.0052,49,14,5,18,12,0.2972,0.121,0.3673,0.2144
R-1729,M-262,Mid-Market,APAC,25.5,Yes,42700,79,22,0.2785,0.2196,24.0,130,5.4167,5.3945,15.36,11.5191,13.4043,57,34,9,5,9,0.5245,0.244,0.0517,0.1799
R-1730,M-262,Mid-Market,APAC,17.6,Yes,41700,58,16,0.2759,0.1889,17.6,48,2.7273,3.2027,17.7546,11.1035,17.1963,42,18,11,2,11,0.3914,0.3007,0.1019,0.206
R-1731,M-263,Mid-Market,EMEA,8.1,Yes,38800,26,7,0.2692,0.2654,8.1,26,3.2099,3.5916,14.4095,8.236,13.2881,19,5,5,7,2,0.1803,0.2562,0.4832,0.0802
R-1732,M-263,Mid-Market,EMEA,24.4,Yes,45200,106,38,0.3585,0.3437,24.0,132,5.5,5.3623,11.0107,9.8283,9.8454,68,34,5,24,5,0.4249,0.1056,0.404,0.0655
R-1733,M-263,Mid-Market,EMEA,15.7,No,32600,65,12,0.1846,0.1283,15.7,50,3.1847,3.2661,9.3161,9.9985,7.6339,53,14,13,23,3,0.3492,0.2395,0.368,0.0434
R-1734,M-263,Mid-Market,EMEA,25.3,No,45300,77,21,0.2727,0.2429,24.0,100,4.1667,4.2259,11.8713,9.9724,11.3588,56,15,29,4,8,0.1935,0.5397,0.1333,0.1335
R-1735,M-263,Mid-Market,EMEA,8.9,No,40600,27,3,0.1111,0.1872,8.9,34,3.8202,3.1114,15.1093,9.16,11.666,24,3,12,5,4,0.0952,0.6585,0.113,0.1332
R-1736,M-263,Mid-Market,EMEA,12.1,No,32400,28,6,0.2143,0.1846,12.1,68,5.6198,5.7862,15.2123,8.2253,17.173,22,3,9,8,2,0.1146,0.3017,0.4986,0.0851
R-1737,M-263,Mid-Market,EMEA,20.5,Yes,41200,51,15,0.2941,0.272,20.5,93,4.5366,4.0939,13.347,8.9238,13.2596,36,12,10,7,7,0.2036,0.3755,0.157,0.2638
R-1738,M-263,Mid-Market,EMEA,10.4,No,47500,27,3,0.1111,0.1662,10.4,32,3.0769,2.6719,12.0877,9.1406,12.2293,24,10,4,4,6,0.4645,0.1406,0.1099,0.285
R-1739,M-263,Mid-Market,EMEA,33.6,No,26900,64,12,0.1875,0.2185,24.0,88,3.6667,3.4398,9.2902,8.6881,7.0814,52,9,9,27,7,0.1666,0.175,0.5126,0.1459
R-1740,M-263,Mid-Market,EMEA,15.2,No,39300,42,7,0.1667,0.1393,15.2,81,5.3289,5.4045,16.7307,10.8732,15.3267,35,6,13,12,4,0.1307,0.3992,0.3256,0.1445
R-1741,M-263,Mid-Market,EMEA,13.4,No,44400,52,14,0.2692,0.2593,13.4,58,4.3284,4.5535,15.9895,10.4605,16.2335,38,20,12,6,0,0.4048,0.5011,0.0769,0.0172
R-1742,M-264,Enterprise,EMEA,29.4,Yes,209000,32,15,0.4688,0.2481,24.0,70,2.9167,2.945,18.7743,12.3807,16.6192,17,4,11,2,0,0.2415,0.5209,0.1687,0.069
R-1743,M-264,Enterprise,EMEA,20.7,Yes,188100,33,6,0.1818,0.2268,20.7,71,3.43,3.4755,15.2789,9.5953,17.1025,27,8,7,5,7,0.3476,0.1788,0.1393,0.3342
R-1744,M-264,Enterprise,EMEA,13.7,Yes,198500,22,4,0.1818,0.2743,13.7,39,2.8467,1.9416,10.03,10.5384,6.8814,18,8,5,2,3,0.4829,0.3171,0.1026,0.0974
R-1745,M-264,Enterprise,EMEA,17.5,No,182100,21,0,0.0,0.1283,17.5,48,2.7429,2.8183,8.7658,9.4063,8.2953,21,11,10,0,0,0.4704,0.3909,0.0336,0.1051
R-1746,M-264,Enterprise,EMEA,7.3,No,153700,5,0,0.0,0.118,7.3,12,1.6438,2.7649,9.1316,9.377,12.2577,5,4,1,0,0,0.3841,0.3363,0.1081,0.1716
R-1747,M-264,Enterprise,EMEA,9.7,Yes,186100,12,5,0.4167,0.209,9.7,12,1.2371,1.6078,7.7006,10.0303,12.3906,7,7,0,0,0,0.7949,0.1231,0.0261,0.0559
R-1748,M-265,SMB,APAC,42.2,Yes,10000,209,92,0.4402,0.4602,24.0,222,9.25,8.8472,14.8314,10.1571,13.1681,117,18,37,32,30,0.1375,0.2665,0.3281,0.2679
R-1749,M-265,SMB,APAC,58.1,No,7000,201,111,0.5522,0.5548,24.0,122,5.0833,5.8884,10.8539,9.4234,10.1657,90,11,20,13,46,0.1098,0.27,0.1203,0.4999
R-1750,M-265,SMB,APAC,3.9,No,11500,16,6,0.375,0.3869,3.9,24,6.1538,5.9988,14.5011,8.0986,11.9956,10,3,3,0,4,0.1562,0.2467,0.3699,0.2272
R-1751,M-265,SMB,APAC,29.7,Yes,12400,200,93,0.465,0.4479,24.0,139,5.7917,5.8719,11.1773,9.1047,10.1021,107,7,50,32,18,0.0911,0.5087,0.2455,0.1547
R-1752,M-265,SMB,APAC,8.8,Yes,8800,91,33,0.3626,0.3869,8.8,41,4.6591,4.6233,16.1677,11.4204,16.6131,58,15,25,14,4,0.1995,0.4473,0.2944,0.0588
R-1753,M-265,SMB,APAC,1.7,Yes,12600,7,2,0.2857,0.3302,1.7,11,6.4706,8.7896,14.8142,13.8518,13.1425,5,0,5,0,0,0.0911,0.5511,0.2828,0.075
R-1754,M-265,SMB,APAC,22.1,No,10000,163,44,0.2699,0.3022,22.1,67,3.0317,3.9055,14.2511,9.8978,14.2874,119,43,24,36,16,0.3294,0.2735,0.2686,0.1285
R-1755,M-265,SMB,APAC,16.6,Yes,9500,186,61,0.328,0.3422,16.6,76,4.5783,4.6359,15.1525,9.6138,15.3174,125,22,30,62,11,0.2567,0.2396,0.4391,0.0645
R-1756,M-265,SMB,APAC,34.2,Yes,7000,217,81,0.3733,0.3766,24.0,130,5.4167,4.9206,13.8482,10.0968,13.1071,136,26,68,30,12,0.2063,0.4569,0.2425,0.0943
R-1757,M-265,SMB,APAC,31.0,Yes,12000,178,68,0.382,0.3924,24.0,167,6.9583,6.6212,15.285,10.1016,14.4045,110,18,12,26,54,0.1242,0.16,0.2116,0.5042
R-1758,M-265,SMB,APAC,12.5,No,9000,105,34,0.3238,0.338,12.5,59,4.72,4.8642,12.9005,9.7985,11.4491,71,11,28,21,11,0.2037,0.3991,0.2622,0.1349
R-1759,M-265,SMB,APAC,15.4,No,7400,84,38,0.4524,0.4085,15.4,118,7.6623,7.8172,12.501,10.2613,11.8398,46,17,15,8,6,0.3072,0.2969,0.198,0.1979
R-1760,M-265,SMB,APAC,13.5,Yes,8000,85,20,0.2353,0.372,13.5,80,5.9259,6.803,15.6882,10.2522,14.4034,65,31,9,21,4,0.442,0.1897,0.2839,0.0844
R-1761,M-265,SMB,APAC,19.8,No,7900,167,39,0.2335,0.233,19.8,142,7.1717,8.2597,14.225,9.0647,11.9083,128,26,62,35,5,0.2362,0.4389,0.2704,0.0545
R-1762,M-265,SMB,APAC,13.8,No,9000,123,47,0.3821,0.3558,13.8,98,7.1014,7.7999,14.0899,10.8181,12.0822,76,11,25,27,13,0.1135,0.2627,0.4014,0.2224
R-1763,M-265,SMB,APAC,37.2,No,8600,150,65,0.4333,0.3278,24.0,163,6.7917,6.4947,12.615,9.575,12.771,85,13,43,20,9,0.1565,0.491,0.2297,0.1229
R-1764,M-266,Mid-Market,EMEA,36.1,No,46100,75,13,0.1733,0.1663,24.0,71,2.9583,3.2675,11.3279,9.0775,11.4716,62,25,16,8,13,0.4042,0.2826,0.1369,0.1763
R-1765,M-266,Mid-Market,EMEA,17.8,No,46100,50,7,0.14,0.1231,17.8,58,3.2584,2.9979,7.2757,7.8216,5.3863,43,5,15,9,14,0.1649,0.3481,0.1712,0.3158
R-1766,M-266,Mid-Market,EMEA,6.0,No,58200,18,5,0.2778,0.2147,6.0,24,4.0,3.1688,16.245,9.9314,14.2005,13,5,1,4,3,0.4405,0.1027,0.3669,0.0899
R-1767,M-266,Mid-Market,EMEA,80.9,Yes,31200,65,17,0.2615,0.2841,24.0,146,6.0833,5.0286,18.1475,10.5351,17.3215,48,22,11,13,2,0.3562,0.2903,0.2419,0.1116
R-1768,M-266,Mid-Market,EMEA,39.8,No,49900,58,3,0.0517,0.1107,24.0,120,5.0,4.7617,11.2534,11.0982,11.1898,55,20,8,13,14,0.248,0.1737,0.2851,0.2932
R-1769,M-266,Mid-Market,EMEA,16.7,Yes,51900,53,18,0.3396,0.2848,16.7,75,4.491,4.1875,16.0512,11.009,14.7733,35,5,5,24,1,0.0904,0.3296,0.5075,0.0725
R-1770,M-266,Mid-Market,EMEA,5.9,No,48000,16,2,0.125,0.1514,5.9,18,3.0508,3.5757,9.3679,8.1426,8.8813,14,5,6,3,0,0.2892,0.4648,0.1867,0.0593
R-1771,M-266,Mid-Market,EMEA,23.4,Yes,50800,129,34,0.2636,0.2171,23.4,105,4.4872,4.183,9.399,8.4282,7.8029,95,43,34,17,1,0.3681,0.3691,0.2278,0.035
R-1772,M-266,Mid-Market,EMEA,9.8,No,43900,30,4,0.1333,0.2233,9.8,27,2.7551,2.3271,16.2618,10.8487,16.0472,26,8,14,3,1,0.462,0.3857,0.141,0.0113
R-1773,M-266,Mid-Market,EMEA,9.3,No,39600,37,6,0.1622,0.1459,9.3,54,5.8065,4.5556,11.473,9.0201,10.8359,31,4,11,13,3,0.4223,0.322,0.187,0.0686
R-1774,M-266,Mid-Market,EMEA,3.9,Yes,46600,4,0,0.0,0.0879,3.9,15,3.8462,3.8921,29.3684,9.4569,18.1023,4,2,2,0,0,0.2049,0.4508,0.0736,0.2706
R-1775,M-267,SMB,APAC,30.2,Yes,7700,157,42,0.2675,0.3186,24.0,104,4.3333,3.4187,9.5578,9.2949,8.875,115,25,40,39,11,0.283,0.3126,0.2979,0.1065
R-1776,M-267,SMB,APAC,16.7,Yes,6700,103,25,0.2427,0.32,16.7,87,5.2096,4.7395,19.7849,10.4429,19.4642,78,25,13,14,26,0.2162,0.2408,0.3066,0.2364
R-1777,M-267,SMB,APAC,26.9,No,8400,148,35,0.2365,0.2537,24.0,149,6.2083,5.8111,11.4947,10.1421,9.0439,113,20,51,40,2,0.1724,0.4873,0.3159,0.0244
R-1778,M-267,SMB,APAC,10.5,No,9900,88,24,0.2727,0.274,10.5,64,6.0952,5.635,12.4294,9.8959,10.4883,64,17,18,24,5,0.3058,0.2918,0.3275,0.0749
R-1779,M-267,SMB,APAC,17.7,No,11800,125,24,0.192,0.1982,17.7,106,5.9887,5.6589,13.5063,9.1257,14.3482,101,33,37,16,15,0.3724,0.2949,0.1644,0.1682
R-1780,M-267,SMB,APAC,15.2,No,9000,92,40,0.4348,0.3988,15.2,102,6.7105,6.7558,14.9243,10.4262,14.5267,52,5,29,17,1,0.093,0.6251,0.2801,0.0019
R-1781,M-267,SMB,APAC,17.8,Yes,8100,147,63,0.4286,0.4555,17.8,95,5.3371,5.635,15.0104,9.3483,15.4095,84,21,32,20,11,0.1278,0.4493,0.3514,0.0714
R-1782,M-267,SMB,APAC,13.5,Yes,8300,113,43,0.3805,0.3399,13.5,74,5.4815,5.7686,15.295,10.7108,14.4472,70,19,35,4,12,0.3192,0.4173,0.13,0.1334
R-1783,M-267,SMB,APAC,16.7,No,10200,138,31,0.2246,0.219,16.7,114,6.8263,7.0133,10.7498,8.4632,10.5086,107,14,30,21,42,0.1918,0.2747,0.1683,0.3651
R-1784,M-267,SMB,APAC,37.8,Yes,8300,167,70,0.4192,0.4404,24.0,124,5.1667,5.1806,10.0243,8.7551,9.184,97,24,34,35,4,0.2629,0.3014,0.3883,0.0474
R-1785,M-267,SMB,APAC,30.0,No,8800,182,43,0.2363,0.2869,24.0,293,12.2083,10.983,16.584,10.3755,15.8386,139,25,61,42,11,0.1422,0.4645,0.2833,0.11
R-1786,M-267,SMB,APAC,10.8,No,11200,89,45,0.5056,0.4338,10.8,45,4.1667,4.3538,12.515,10.172,12.7609,44,5,17,15,7,0.1884,0.3684,0.3018,0.1415
R-1787,M-268,Mid-Market,EMEA,12.7,Yes,49800,51,18,0.3529,0.3342,12.7,38,2.9921,3.1922,8.392,7.8316,9.6021,33,7,15,8,3,0.2511,0.5392,0.1557,0.0541
R-1788,M-268,Mid-Market,EMEA,8.9,Yes,26100,43,10,0.2326,0.1838,8.9,48,5.3933,5.8587,12.0403,10.865,12.7414,33,17,8,4,4,0.563,0.2254,0.0681,0.1435
R-1789,M-268,Mid-Market,EMEA,17.7,No,33600,67,11,0.1642,0.1817,17.7,74,4.1808,4.085,11.3861,9.1659,11.6114,56,20,8,24,4,0.3209,0.2201,0.3397,0.1193
R-1790,M-268,Mid-Market,EMEA,39.4,No,46900,88,22,0.25,0.3755,24.0,111,4.625,4.395,12.277,10.3537,11.7074,66,23,15,10,18,0.3067,0.2189,0.1374,0.3371
R-1791,M-268,Mid-Market,EMEA,35.5,No,43300,63,17,0.2698,0.2095,24.0,89,3.7083,3.9776,11.0646,9.8663,8.0708,46,9,13,5,19,0.196,0.2051,0.1072,0.4917
R-1792,M-268,Mid-Market,EMEA,9.4,No,37800,13,3,0.2308,0.2425,9.4,43,4.5745,5.4697,8.2088,8.4651,8.3385,10,2,4,0,4,0.1309,0.4966,0.1499,0.2225
R-1793,M-268,Mid-Market,EMEA,41.6,No,28900,80,12,0.15,0.2195,24.0,95,3.9583,3.9609,9.4618,8.2595,7.6639,68,26,24,7,11,0.4092,0.3168,0.1055,0.1686
R-1794,M-268,Mid-Market,EMEA,8.2,Yes,39400,19,6,0.3158,0.3916,8.2,27,3.2927,4.5685,18.4829,8.2427,16.1949,13,2,5,5,1,0.3577,0.2778,0.2962,0.0683
R-1795,M-268,Mid-Market,EMEA,34.8,No,49700,99,10,0.101,0.1457,24.0,120,5.0,5.0067,9.6873,8.9486,9.0273,89,37,21,9,22,0.4126,0.2257,0.1517,0.2101
R-1796,M-268,Mid-Market,EMEA,46.9,Yes,41900,76,29,0.3816,0.433,24.0,106,4.4167,4.3937,7.12,8.1613,6.4114,47,25,6,12,4,0.4888,0.1608,0.2246,0.1258
R-1797,M-268,Mid-Market,EMEA,22.7,Yes,38500,68,14,0.2059,0.2285,22.7,110,4.8458,4.4969,7.7201,8.5112,3.9075,54,17,13,9,15,0.2801,0.2532,0.1471,0.3196
R-1798,M-268,Mid-Market,EMEA,26.5,Yes,48400,82,23,0.2805,0.283,24.0,74,3.0833,2.8486,13.4396,10.262,11.4798,59,14,4,28,13,0.2747,0.0753,0.4271,0.2229
R-1799,M-268,Mid-Market,EMEA,72.2,Yes,31600,57,15,0.2632,0.3111,24.0,139,5.7917,4.9337,9.8989,8.0838,7.6846,42,14,5,18,5,0.2935,0.2178,0.4343,0.0544
R-1800,M-268,Mid-Market,EMEA,62.1,Yes,41600,76,20,0.2632,0.293,24.0,51,2.125,2.0679,8.8782,8.1011,8.2316,56,20,26,5,5,0.2882,0.5562,0.0877,0.0678
R-1801,M-268,Mid-Market,EMEA,9.2,Yes,38800,28,9,0.3214,0.2636,9.2,18,1.9565,2.755,8.4942,8.2377,6.9268,19,15,1,1,2,0.6539,0.1644,0.0753,0.1064
R-1802,M-269,Enterprise,EMEA,16.5,No,148900,24,4,0.1667,0.2045,16.5,23,1.3939,1.676,8.7296,6.4697,10.6997,20,8,5,5,2,0.2832,0.3478,0.3005,0.0685
R-1803,M-269,Enterprise,EMEA,18.6,Yes,147200,28,7,0.25,0.2429,18.6,43,2.3118,2.9867,11.6553,7.6999,11.5697,21,7,9,4,1,0.2533,0.6269,0.0785,0.0413
R-1804,M-269,Enterprise,EMEA,5.1,No,206200,6,1,0.1667,0.2313,5.1,10,1.9608,2.8176,6.4594,4.2253,9.6848,5,3,1,0,1,0.4154,0.439,0.0376,0.108
R-1805,M-269,Enterprise,EMEA,21.9,No,188100,24,3,0.125,0.1817,21.9,20,0.9132,1.0847,14.1047,10.4655,14.0521,21,8,6,1,6,0.5326,0.3308,0.0494,0.0872
R-1806,M-269,Enterprise,EMEA,30.1,No,171100,39,9,0.2308,0.2796,24.0,50,2.0833,2.2105,10.2353,10.3041,8.3777,30,17,7,2,4,0.4777,0.3009,0.0481,0.1733
R-1807,M-269,Enterprise,EMEA,7.2,Yes,158100,8,6,0.75,0.5147,7.2,19,2.6389,3.3364,12.4854,11.7596,12.3895,2,0,1,0,1,0.2316,0.3377,0.0905,0.3403
R-1808,M-269,Enterprise,EMEA,27.8,Yes,169200,22,6,0.2727,0.23,24.0,63,2.625,2.2513,9.0436,9.0084,7.7834,16,6,7,0,3,0.4548,0.3234,0.0525,0.1694
R-1809,M-269,Enterprise,EMEA,50.2,No,237500,35,15,0.4286,0.4054,24.0,38,1.5833,1.9428,16.4847,9.9167,17.3872,20,4,6,2,8,0.229,0.4337,0.0445,0.2928
R-1810,M-269,Enterprise,EMEA,13.6,No,234200,22,8,0.3636,0.2617,13.6,17,1.25,1.7258,11.9153,9.5357,15.5357,14,10,3,0,1,0.5302,0.3446,0.0637,0.0615
R-1811,M-269,Enterprise,EMEA,39.3,Yes,104600,35,9,0.2571,0.2992,24.0,32,1.3333,1.7709,8.3743,8.8588,5.4882,26,15,8,3,0,0.5356,0.2109,0.1169,0.1366
R-1812,M-269,Enterprise,EMEA,25.9,Yes,133800,35,13,0.3714,0.4398,24.0,57,2.375,2.8558,15.1757,11.0684,13.9598,22,9,7,5,1,0.5163,0.3075,0.1395,0.0367
R-1813,M-269,Enterprise,EMEA,22.5,Yes,240700,32,11,0.3438,0.327,22.5,44,1.9556,1.7527,11.3065,9.2986,10.4978,21,7,10,0,4,0.3852,0.3381,0.0245,0.2522
R-1814,M-269,Enterprise,EMEA,17.2,Yes,167900,20,7,0.35,0.4256,17.2,59,3.4302,2.8183,11.71,13.718,15.0016,13,4,6,2,1,0.5006,0.3608,0.0817,0.0569
R-1815,M-269,Enterprise,EMEA,7.5,No,196300,10,2,0.2,0.1637,7.5,25,3.3333,2.6588,9.8787,9.0038,13.2033,8,2,4,2,0,0.2481,0.4783,0.0897,0.1839
R-1816,M-270,Mid-Market,APAC,12.3,No,54700,39,5,0.1282,0.1158,12.3,78,6.3415,6.1727,11.7933,8.5752,8.2496,34,8,12,13,1,0.2169,0.4135,0.3178,0.0518
R-1817,M-270,Mid-Market,APAC,18.9,Yes,45000,59,9,0.1525,0.2306,18.9,39,2.0635,2.5549,14.6948,10.1144,12.4129,50,11,17,3,19,0.1781,0.3251,0.0797,0.4171
R-1818,M-270,Mid-Market,APAC,27.0,Yes,31400,95,16,0.1684,0.1367,24.0,99,4.125,4.4148,19.3702,11.1598,18.0052,79,41,11,11,16,0.5152,0.141,0.1429,0.2009
R-1819,M-270,Mid-Market,APAC,24.6,Yes,29800,116,10,0.0862,0.1267,24.0,105,4.375,4.8765,9.0858,8.2837,8.1011,106,30,43,28,5,0.3249,0.3226,0.279,0.0735
R-1820,M-270,Mid-Market,APAC,29.8,Yes,50700,47,11,0.234,0.2022,24.0,93,3.875,4.0115,14.5837,10.6685,17.2643,36,8,12,15,1,0.2432,0.3476,0.3682,0.041
R-1821,M-270,Mid-Market,APAC,34.1,No,40200,57,5,0.0877,0.0546,24.0,99,4.125,3.9104,17.7968,11.9445,15.019,52,7,32,10,3,0.1457,0.4711,0.2682,0.115
R-1822,M-270,Mid-Market,APAC,43.0,Yes,39000,88,19,0.2159,0.2121,24.0,75,3.125,3.0054,13.2483,9.904,11.4533,69,8,44,3,14,0.1264,0.6142,0.0737,0.1857
R-1823,M-270,Mid-Market,APAC,98.7,Yes,42200,97,12,0.1237,0.1335,24.0,101,4.2083,3.8786,13.2368,9.7784,12.099,85,15,43,18,9,0.1628,0.3426,0.3375,0.1571
R-1824,M-270,Mid-Market,APAC,16.7,No,41100,42,6,0.1429,0.1918,16.7,55,3.2934,3.4217,13.6073,9.3593,13.304,36,8,14,4,10,0.2321,0.2709,0.1869,0.3101
R-1825,M-270,Mid-Market,APAC,34.4,Yes,38500,92,24,0.2609,0.3062,24.0,86,3.5833,3.5785,12.8292,8.9305,10.4464,68,38,13,11,6,0.6042,0.1471,0.1167,0.132
R-1826,M-270,Mid-Market,APAC,11.8,No,41300,22,2,0.0909,0.0768,11.8,59,5.0,4.8686,12.3122,8.1975,11.8669,20,9,3,2,6,0.4387,0.2633,0.1419,0.1561
R-1827,M-270,Mid-Market,APAC,12.3,No,39600,41,2,0.0488,0.1436,12.3,40,3.252,3.1447,6.3491,7.3312,6.2687,39,20,8,7,4,0.4532,0.2673,0.1876,0.0919
R-1828,M-270,Mid-Market,APAC,30.9,Yes,41200,47,13,0.2766,0.2477,24.0,118,4.9167,4.8713,13.7734,10.4962,12.983,34,5,6,14,9,0.3404,0.1171,0.3164,0.2261
R-1829,M-270,Mid-Market,APAC,28.1,No,39500,78,8,0.1026,0.1188,24.0,113,4.7083,4.0255,9.4252,8.7031,9.1048,70,17,27,21,5,0.2522,0.3625,0.2315,0.1538
R-1830,M-270,Mid-Market,APAC,12.6,No,49700,31,5,0.1613,0.1207,12.6,74,5.873,7.4094,17.8111,11.3693,17.5639,26,8,7,7,4,0.3468,0.225,0.304,0.1241
R-1831,M-271,SMB,APAC,1.0,Yes,8900,3,1,0.3333,0.2609,1.0,3,3.0,6.6479,9.2652,13.0937,4.9848,2,0,1,1,0,0.145,0.3977,0.4357,0.0215
R-1832,M-271,SMB,APAC,50.1,No,7900,182,70,0.3846,0.4285,24.0,93,3.875,3.7068,14.4925,10.4748,14.0121,112,45,29,37,1,0.3434,0.2862,0.3406,0.0299
R-1833,M-271,SMB,APAC,4.2,No,9500,17,7,0.4118,0.3304,4.2,21,5.0,5.7203,11.5992,8.4815,11.6624,10,0,7,3,0,0.1015,0.5415,0.2917,0.0653
R-1834,M-271,SMB,APAC,14.6,Yes,9800,124,36,0.2903,0.2317,14.6,41,2.8082,2.6906,15.5434,10.0231,16.1013,88,40,12,25,11,0.4591,0.1742,0.2523,0.1144
R-1835,M-271,SMB,APAC,11.6,No,9900,90,11,0.1222,0.1369,11.6,66,5.6897,5.382,12.643,9.6815,12.2516,79,7,21,33,18,0.1042,0.2687,0.425,0.2021
R-1836,M-271,SMB,APAC,2.6,No,10300,8,0,0.0,0.1242,2.6,4,1.5385,2.2538,19.4886,9.9694,15.5134,8,0,6,0,2,0.1142,0.5258,0.1729,0.1872
R-1837,M-271,SMB,APAC,10.2,No,7900,91,13,0.1429,0.1807,10.2,52,5.098,5.0134,12.019,9.8987,9.4102,78,27,31,8,12,0.3477,0.3689,0.1862,0.0972
R-1838,M-271,SMB,APAC,46.8,Yes,8700,166,54,0.3253,0.2881,24.0,163,6.7917,6.83,6.7591,8.0101,3.4005,112,36,48,14,14,0.3246,0.4018,0.1623,0.1113
R-1839,M-271,SMB,APAC,18.8,Yes,8700,127,16,0.126,0.1676,18.8,107,5.6915,5.6905,9.3344,8.8172,9.0502,111,34,33,37,7,0.3302,0.3259,0.292,0.0519
R-1840,M-271,SMB,APAC,40.0,No,12300,177,44,0.2486,0.2351,24.0,128,5.3333,5.463,14.691,10.5692,13.6266,133,42,60,26,5,0.3147,0.4476,0.1819,0.0558
R-1841,M-271,SMB,APAC,49.5,No,8100,212,50,0.2358,0.2256,24.0,116,4.8333,4.203,12.3462,9.5612,12.4593,162,50,29,46,37,0.3071,0.2028,0.2211,0.269
R-1842,M-271,SMB,APAC,19.0,No,8800,102,31,0.3039,0.315,19.0,114,6.0,6.8501,14.6577,10.3875,12.4473,71,24,23,14,10,0.3437,0.2805,0.2475,0.1283
R-1843,M-271,SMB,APAC,28.2,Yes,9700,253,57,0.2253,0.2679,24.0,125,5.2083,5.3551,18.8043,10.7869,17.9383,196,26,105,65,0,0.1227,0.504,0.3673,0.006
R-1844,M-272,Mid-Market,North America,36.6,Yes,34900,104,12,0.1154,0.1628,24.0,166,6.9167,6.7093,13.0048,9.5035,9.8566,92,29,45,5,13,0.2438,0.4357,0.1422,0.1784
R-1845,M-272,Mid-Market,North America,18.7,No,42700,83,11,0.1325,0.1343,18.7,82,4.385,4.1341,13.8682,8.6613,12.2781,72,20,30,7,15,0.2885,0.3693,0.1461,0.1961
R-1846,M-272,Mid-Market,North America,43.7,Yes,45000,61,3,0.0492,0.0836,24.0,88,3.6667,3.8113,8.3135,8.2426,6.0673,58,29,16,8,5,0.5661,0.2188,0.0815,0.1335
R-1847,M-272,Mid-Market,North America,28.4,No,43700,85,6,0.0706,0.1314,24.0,96,4.0,4.3686,13.9027,9.4922,12.3266,79,37,26,11,5,0.4424,0.3324,0.1204,0.1048
R-1848,M-272,Mid-Market,North America,40.5,Yes,43500,105,20,0.1905,0.2217,24.0,55,2.2917,2.6535,12.8668,8.6431,14.4463,85,6,71,2,6,0.1563,0.7723,0.0131,0.0583
R-1849,M-272,Mid-Market,North America,20.7,No,24200,69,8,0.1159,0.1084,20.7,57,2.7536,2.5504,9.574,9.8833,7.0644,61,14,9,22,16,0.2367,0.2766,0.2607,0.226
R-1850,M-272,Mid-Market,North America,20.4,No,37100,97,24,0.2474,0.1948,20.4,90,4.4118,4.7017,13.3943,9.2394,13.2805,73,22,9,36,6,0.3268,0.1746,0.4287,0.0699
R-1851,M-272,Mid-Market,North America,30.5,No,42800,32,3,0.0938,0.1233,24.0,116,4.8333,4.9509,11.9751,9.2953,13.6754,29,13,7,3,6,0.2367,0.3425,0.1318,0.289
R-1852,M-272,Mid-Market,North America,6.3,Yes,47600,14,1,0.0714,0.054,6.3,20,3.1746,2.7728,14.0851,10.3489,11.7632,13,5,6,0,2,0.2438,0.6001,0.0358,0.1203
R-1853,M-272,Mid-Market,North America,22.3,No,38100,62,3,0.0484,0.0924,22.3,97,4.3498,3.9044,11.287,8.5566,11.2132,59,31,12,11,5,0.4607,0.2467,0.2093,0.0833
R-1854,M-272,Mid-Market,North America,13.3,No,36900,22,7,0.3182,0.2255,13.3,29,2.1805,3.4305,11.9189,7.7619,10.8257,15,6,2,3,4,0.4722,0.3078,0.1066,0.1134
R-1855,M-272,Mid-Market,North America,4.6,No,48200,10,1,0.1,0.0351,4.6,36,7.8261,7.2128,23.4528,8.5314,17.3219,9,2,3,1,3,0.23,0.3431,0.1275,0.2994
R-1856,M-272,Mid-Market,North America,36.4,Yes,38600,70,23,0.3286,0.2573,24.0,104,4.3333,4.2357,10.6934,8.3248,9.1518,47,20,15,4,8,0.4668,0.2472,0.0691,0.2169
R-1857,M-273,Enterprise,North America,55.8,Yes,201700,30,9,0.3,0.2847,24.0,83,3.4583,3.2316,16.2769,9.2302,11.6288,21,3,7,4,7,0.2338,0.378,0.1462,0.242
R-1858,M-273,Enterprise,North America,23.0,No,188300,17,4,0.2353,0.1834,23.0,43,1.8696,1.9191,9.9074,10.1473,12.028,13,4,2,3,4,0.3618,0.2364,0.115,0.2868
R-1859,M-273,Enterprise,North America,7.7,Yes,166400,7,0,0.0,0.1746,7.7,19,2.4675,2.7638,9.591,11.2236,9.3972,7,4,2,1,0,0.6112,0.1852,0.0183,0.1853
R-1860,M-273,Enterprise,North America,11.2,Yes,220600,16,1,0.0625,0.2044,11.2,42,3.75,3.5855,7.0,8.4932,8.5852,15,6,4,1,4,0.4879,0.1985,0.1498,0.1637
R-1861,M-273,Enterprise,North America,28.5,No,178800,26,6,0.2308,0.1602,24.0,67,2.7917,2.4659,15.1862,9.4276,11.6662,20,5,8,1,6,0.3838,0.3324,0.0574,0.2264
R-1862,M-273,Enterprise,North America,2.4,Yes,145500,3,1,0.3333,0.2555,2.4,3,1.25,2.6362,21.6006,19.9669,13.3601,2,1,0,0,1,0.6363,0.2246,0.0403,0.0988
R-1863,M-273,Enterprise,North America,11.4,Yes,197100,15,5,0.3333,0.2542,11.4,36,3.1579,2.2911,9.4811,6.9869,13.5788,10,3,2,0,5,0.4275,0.1284,0.1287,0.3153
R-1864,M-274,SMB,EMEA,20.0,Yes,5800,134,15,0.1119,0.1887,20.0,76,3.8,3.2204,18.504,10.6992,18.8432,119,44,28,30,17,0.3916,0.2819,0.2057,0.1207
R-1865,M-274,SMB,EMEA,32.8,Yes,10000,161,31,0.1925,0.1936,24.0,143,5.9583,6.4137,10.4661,8.6837,9.6119,130,72,32,19,7,0.5196,0.2527,0.141,0.0867
R-1866,M-274,SMB,EMEA,10.4,No,8500,73,17,0.2329,0.2176,10.4,73,7.0192,6.6354,9.8404,8.4441,9.8488,56,23,23,9,1,0.3737,0.3962,0.1993,0.0308
R-1867,M-274,SMB,EMEA,21.1,No,9100,152,59,0.3882,0.3693,21.1,73,3.4597,3.6258,12.3031,9.4771,11.5378,93,26,10,55,2,0.2838,0.1232,0.5592,0.0339
R-1868,M-274,SMB,EMEA,16.7,Yes,8600,91,6,0.0659,0.0607,16.7,80,4.7904,4.6445,13.437,10.2829,12.6051,85,30,15,13,27,0.3307,0.1934,0.1538,0.3222
R-1869,M-274,SMB,EMEA,69.7,Yes,10500,171,51,0.2982,0.2971,24.0,115,4.7917,4.8154,12.269,9.034,10.8085,120,18,70,28,4,0.1661,0.6182,0.1892,0.0266
R-1870,M-274,SMB,EMEA,38.5,Yes,10800,105,30,0.2857,0.2642,24.0,111,4.625,3.9704,14.8274,10.5734,17.039,75,10,27,13,25,0.1079,0.3455,0.2099,0.3367
R-1871,M-274,SMB,EMEA,12.3,No,10200,125,6,0.048,0.0381,12.3,52,4.2276,4.8991,14.7221,10.203,14.4463,119,16,65,28,10,0.1379,0.5408,0.2231,0.0982
R-1872,M-274,SMB,EMEA,5.2,No,10800,21,0,0.0,0.0915,5.2,54,10.3846,8.4893,7.2365,8.446,9.8631,21,7,6,5,3,0.316,0.3211,0.3052,0.0577
R-1873,M-274,SMB,EMEA,66.6,Yes,9200,156,23,0.1474,0.1965,24.0,104,4.3333,3.9894,14.9638,9.5098,13.4504,133,60,22,21,30,0.3826,0.2312,0.1635,0.2227
R-1874,M-274,SMB,EMEA,2.1,No,10000,8,2,0.25,0.1212,2.1,14,6.6667,7.0842,19.2684,12.6601,13.9892,6,1,1,3,1,0.3657,0.1567,0.228,0.2495
R-1875,M-274,SMB,EMEA,29.5,No,7100,249,47,0.1888,0.1868,24.0,186,7.75,7.4454,13.5221,10.0457,14.001,202,28,89,82,3,0.1497,0.4402,0.3852,0.0249
R-1876,M-274,SMB,EMEA,8.8,No,9400,66,6,0.0909,0.0688,8.8,60,6.8182,9.1274,9.7968,8.6201,8.671,60,9,37,14,0,0.1413,0.5833,0.2262,0.0492
R-1877,M-274,SMB,EMEA,8.4,No,8900,64,23,0.3594,0.3089,8.4,23,2.7381,3.5454,13.8978,8.8463,13.4751,41,8,19,9,5,0.137,0.5505,0.1738,0.1387
R-1878,M-274,SMB,EMEA,4.5,No,9700,26,2,0.0769,0.0971,4.5,31,6.8889,8.915,20.3165,9.2054,18.2031,24,11,7,2,4,0.3064,0.3301,0.2479,0.1156
R-1879,M-274,SMB,EMEA,3.3,No,8000,10,1,0.1,0.1585,3.3,18,5.4545,5.342,11.8468,6.3237,12.256,9,1,1,6,1,0.2026,0.3625,0.3563,0.0786
R-1880,M-274,SMB,EMEA,60.8,Yes,8700,198,28,0.1414,0.1652,24.0,321,13.375,11.6345,13.2427,9.6717,13.188,170,23,87,44,16,0.1358,0.549,0.2355,0.0797
R-1881,M-274,SMB,EMEA,34.2,Yes,5900,224,78,0.3482,0.3251,24.0,133,5.5417,5.7243,11.4997,9.4945,10.1436,146,34,38,64,10,0.2661,0.2917,0.3809,0.0614
R-1882,M-275,SMB,EMEA,9.5,No,9400,82,18,0.2195,0.1863,9.5,60,6.3158,5.8804,12.8866,9.9115,13.8895,64,5,42,8,9,0.1216,0.619,0.1664,0.0931
R-1883,M-275,SMB,EMEA,3.9,Yes,9900,8,2,0.25,0.2687,3.9,26,6.6667,5.6763,14.7466,9.4903,9.6631,6,2,0,2,2,0.3057,0.4504,0.173,0.071
R-1884,M-275,SMB,EMEA,27.0,Yes,12500,163,51,0.3129,0.277,24.0,119,4.9583,4.3523,10.6151,9.3203,7.8593,112,19,39,53,1,0.2611,0.3474,0.3766,0.0149
R-1885,M-275,SMB,EMEA,85.2,Yes,10600,188,85,0.4521,0.4605,24.0,218,9.0833,9.5866,21.5415,10.9327,21.6314,103,18,44,28,13,0.16,0.4347,0.3002,0.1051
R-1886,M-275,SMB,EMEA,21.3,Yes,7600,175,24,0.1371,0.1472,21.3,58,2.723,2.8051,16.4675,10.6114,16.6933,151,59,34,44,14,0.3695,0.2347,0.3156,0.0803
R-1887,M-275,SMB,EMEA,16.4,No,10300,118,32,0.2712,0.2907,16.4,123,7.5,7.4472,14.0404,9.3794,14.4948,86,14,26,29,17,0.2441,0.278,0.3083,0.1695
R-1888,M-275,SMB,EMEA,8.7,Yes,12100,47,8,0.1702,0.2723,8.7,37,4.2529,4.7472,16.4534,10.312,15.2734,39,1,9,19,10,0.1448,0.1701,0.4742,0.2109
R-1889,M-275,SMB,EMEA,17.4,No,7600,115,48,0.4174,0.3591,17.4,120,6.8966,7.7069,17.8462,10.3009,18.6666,67,21,21,24,1,0.2963,0.2347,0.3926,0.0764
R-1890,M-275,SMB,EMEA,12.8,No,7800,119,36,0.3025,0.3032,12.8,60,4.6875,4.6901,8.6044,8.7753,8.0795,83,12,23,32,16,0.2212,0.269,0.2797,0.23
R-1891,M-275,SMB,EMEA,34.7,Yes,9700,229,90,0.393,0.4095,24.0,166,6.9167,7.3151,13.1912,9.4057,12.8415,139,25,47,36,31,0.1724,0.3095,0.2797,0.2384
R-1892,M-275,SMB,EMEA,3.4,No,12100,18,9,0.5,0.3537,3.4,32,9.4118,10.4952,10.6981,8.6315,11.7047,9,1,4,1,3,0.2306,0.3613,0.1908,0.2173
R-1893,M-275,SMB,EMEA,23.7,No,9000,212,51,0.2406,0.2292,23.7,189,7.9747,8.1066,9.655,8.9451,8.942,161,29,65,62,5,0.2299,0.3606,0.3753,0.0342
R-1894,M-275,SMB,EMEA,88.9,Yes,7000,130,91,0.7,0.6888,24.0,87,3.625,3.4614,13.9722,10.0408,12.6333,39,11,13,7,8,0.4438,0.2607,0.168,0.1275
R-1895,M-275,SMB,EMEA,12.6,No,8000,133,41,0.3083,0.2281,12.6,108,8.5714,9.175,13.3863,9.8025,12.1761,92,18,55,10,9,0.1527,0.5964,0.1176,0.1332
R-1896,M-275,SMB,EMEA,15.1,No,10200,60,25,0.4167,0.4351,15.1,89,5.894,5.369,10.163,8.901,9.1529,35,5,17,7,6,0.1165,0.4222,0.3104,0.1509
R-1897,M-275,SMB,EMEA,21.7,No,9700,210,64,0.3048,0.3287,21.7,172,7.9263,7.8828,14.5801,10.4514,14.4827,146,50,61,21,14,0.311,0.4272,0.1701,0.0916
R-1898,M-276,SMB,EMEA,38.9,Yes,7800,182,48,0.2637,0.284,24.0,191,7.9583,8.1482,14.9736,10.0167,14.2114,134,47,46,29,12,0.338,0.3639,0.1839,0.1143
R-1899,M-276,SMB,EMEA,19.1,Yes,7100,173,49,0.2832,0.356,19.1,133,6.9634,7.356,12.3117,9.8864,11.2554,124,35,50,33,6,0.2642,0.4599,0.2112,0.0647
R-1900,M-276,SMB,EMEA,4.4,Yes,9800,22,5,0.2273,0.2874,4.4,20,4.5455,4.7574,14.5405,8.7823,13.8028,17,0,11,2,4,0.1209,0.3762,0.3093,0.1936
R-1901,M-276,SMB,EMEA,94.2,Yes,13100,208,120,0.5769,0.59,24.0,135,5.625,5.4396,13.6871,10.3318,13.1622,88,7,26,21,34,0.1107,0.3294,0.226,0.3339
R-1902,M-276,SMB,EMEA,15.9,No,9500,114,28,0.2456,0.2214,15.9,142,8.9308,8.0918,12.625,10.479,11.5189,86,18,26,33,9,0.14,0.4187,0.2939,0.1474
R-1903,M-276,SMB,EMEA,27.7,No,8900,159,25,0.1572,0.1608,24.0,113,4.7083,4.6423,8.2981,8.2313,4.8206,134,35,46,16,37,0.2433,0.3291,0.1505,0.2772
R-1904,M-276,SMB,EMEA,25.1,No,10700,209,33,0.1579,0.1894,24.0,127,5.2917,5.168,10.5662,10.1231,9.6993,176,51,51,36,38,0.2756,0.3308,0.1598,0.2339
R-1905,M-276,SMB,EMEA,27.3,Yes,12800,151,54,0.3576,0.2843,24.0,77,3.2083,3.5664,11.3229,9.3587,10.8035,97,32,30,8,27,0.3492,0.3137,0.0944,0.2427
R-1906,M-276,SMB,EMEA,40.6,No,9300,164,84,0.5122,0.4956,24.0,158,6.5833,6.6338,13.6394,9.7739,13.7257,80,28,13,25,14,0.3071,0.1725,0.3558,0.1646
R-1907,M-276,SMB,EMEA,1.6,Yes,7900,4,1,0.25,0.2798,1.6,11,6.875,5.4053,17.6961,5.1357,13.8297,3,0,3,0,0,0.2034,0.6102,0.03,0.1564
R-1908,M-276,SMB,EMEA,11.6,Yes,9900,111,34,0.3063,0.2213,11.6,44,3.7931,4.1576,14.1096,9.2945,13.4951,77,15,39,20,3,0.24,0.4797,0.2528,0.0275
R-1909,M-276,SMB,EMEA,39.1,Yes,9400,168,40,0.2381,0.2192,24.0,158,6.5833,7.7027,12.2025,9.1182,10.3984,128,37,54,17,20,0.2753,0.3705,0.1937,0.1605
R-1910,M-276,SMB,EMEA,15.8,No,8100,65,15,0.2308,0.213,15.8,157,9.9367,9.0579,9.3845,8.9442,6.3997,50,21,17,5,7,0.3028,0.3159,0.1975,0.1838
R-1911,M-276,SMB,EMEA,5.2,Yes,7400,19,0,0.0,0.0844,5.2,17,3.2692,4.152,12.5533,10.2136,9.2335,19,7,7,3,2,0.2277,0.5259,0.0905,0.1558
R-1912,M-277,Mid-Market,North America,21.8,No,41100,94,16,0.1702,0.1696,21.8,156,7.156,6.1114,11.0223,7.4851,9.9307,78,22,31,13,12,0.3003,0.3783,0.1986,0.1228
R-1913,M-277,Mid-Market,North America,50.9,No,41900,49,14,0.2857,0.2988,24.0,98,4.0833,4.1436,16.5967,10.3781,14.271,35,10,7,9,9,0.2751,0.2638,0.1413,0.3198
R-1914,M-277,Mid-Market,North America,21.4,Yes,39800,92,39,0.4239,0.3116,21.4,93,4.3458,4.6238,12.1019,9.398,12.6258,53,22,16,11,4,0.2821,0.2779,0.3321,0.108
R-1915,M-277,Mid-Market,North America,16.6,Yes,42900,66,12,0.1818,0.2139,16.6,99,5.9639,4.6948,16.9068,10.7575,12.8444,54,12,2,21,19,0.1948,0.0428,0.3445,0.4179
R-1916,M-277,Mid-Market,North America,5.7,No,34100,13,1,0.0769,0.1192,5.7,29,5.0877,4.1309,10.4616,7.5844,12.79,12,3,3,3,3,0.2351,0.3871,0.2618,0.116
R-1917,M-277,Mid-Market,North America,9.2,Yes,43000,34,6,0.1765,0.2452,9.2,40,4.3478,3.9169,15.1576,10.2225,12.2183,28,10,15,2,1,0.3804,0.4087,0.1185,0.0924
R-1918,M-277,Mid-Market,North America,17.7,Yes,43500,83,24,0.2892,0.3129,17.7,67,3.7853,3.2732,9.0848,8.7587,10.6843,59,6,26,21,6,0.0821,0.4243,0.2803,0.2132
R-1919,M-277,Mid-Market,North America,58.6,Yes,50300,91,43,0.4725,0.4868,24.0,99,4.125,4.8824,10.7463,9.2696,10.4854,48,11,19,14,4,0.256,0.4451,0.2164,0.0825
R-1920,M-277,Mid-Market,North America,49.1,No,48300,99,9,0.0909,0.0952,24.0,89,3.7083,3.4974,12.8427,9.8941,13.5561,90,16,29,23,22,0.1722,0.3008,0.2711,0.2559
R-1921,M-277,Mid-Market,North America,50.9,Yes,34800,104,49,0.4712,0.463,24.0,94,3.9167,4.2072,8.2624,9.6502,6.3994,55,19,25,8,3,0.2837,0.5005,0.128,0.0877
R-1922,M-277,Mid-Market,North America,3.0,Yes,35600,7,3,0.4286,0.2882,3.0,14,4.6667,4.2881,10.7488,10.4225,13.8503,4,1,3,0,0,0.2074,0.5156,0.1547,0.1224
R-1923,M-277,Mid-Market,North America,21.0,Yes,55700,64,11,0.1719,0.1566,21.0,78,3.7143,4.3551,15.2655,9.5864,15.1167,53,13,14,2,24,0.3574,0.2169,0.0316,0.3941
R-1924,M-277,Mid-Market,North America,44.5,Yes,39800,67,16,0.2388,0.2233,24.0,154,6.4167,6.1445,10.1403,9.0335,9.4573,51,17,13,13,8,0.2852,0.2877,0.2268,0.2004
R-1925,M-277,Mid-Market,North America,28.2,Yes,42000,69,11,0.1594,0.1577,24.0,99,4.125,3.4238,15.4812,10.3665,16.4996,58,17,9,26,6,0.3223,0.1558,0.3741,0.1478
R-1926,M-278,Mid-Market,EMEA,6.5,No,42000,7,3,0.4286,0.2218,6.5,37,5.6923,4.4243,19.6638,14.6583,17.6936,4,0,3,0,1,0.2185,0.4397,0.2022,0.1396
R-1927,M-278,Mid-Market,EMEA,18.5,No,44500,86,9,0.1047,0.1291,18.5,73,3.9459,3.6043,13.7607,8.8251,13.1974,77,10,40,16,11,0.2861,0.3845,0.1771,0.1522
R-1928,M-278,Mid-Market,EMEA,39.8,Yes,48800,73,21,0.2877,0.3137,24.0,83,3.4583,4.2602,10.1657,9.3787,9.4032,52,11,16,19,6,0.2768,0.3469,0.3068,0.0695
R-1929,M-278,Mid-Market,EMEA,17.4,No,31400,58,19,0.3276,0.3257,17.4,99,5.6897,6.0129,10.1786,7.7019,8.7581,39,13,12,11,3,0.4112,0.2357,0.3009,0.0522
R-1930,M-278,Mid-Market,EMEA,3.1,No,45800,6,0,0.0,0.1522,3.1,5,1.6129,3.1167,7.3456,7.3201,5.3588,6,5,1,0,0,0.3089,0.3556,0.2034,0.1321
R-1931,M-278,Mid-Market,EMEA,21.4,No,42500,92,26,0.2826,0.2652,21.4,121,5.6542,5.9191,22.374,10.0313,19.5201,66,13,19,16,18,0.146,0.3377,0.1655,0.3508
R-1932,M-278,Mid-Market,EMEA,2.8,No,26800,4,1,0.25,0.2932,2.8,10,3.5714,3.1657,1.1007,2.2013,9.0666,3,0,1,0,2,0.0869,0.6223,0.1076,0.1832
R-1933,M-278,Mid-Market,EMEA,26.1,No,35700,54,19,0.3519,0.3526,24.0,186,7.75,6.9292,16.6927,9.6878,15.9256,35,8,12,6,9,0.2052,0.4245,0.1189,0.2514
R-1934,M-278,Mid-Market,EMEA,93.2,Yes,34100,86,35,0.407,0.3503,24.0,117,4.875,4.7515,12.7673,10.2906,12.7686,51,29,15,7,0,0.4039,0.4214,0.1587,0.016
R-1935,M-278,Mid-Market,EMEA,17.8,No,45800,75,17,0.2267,0.2772,17.8,51,2.8652,4.1975,16.1252,9.9214,14.67,58,14,27,6,11,0.2337,0.5475,0.0704,0.1483
R-1936,M-278,Mid-Market,EMEA,8.6,No,37800,27,10,0.3704,0.2516,8.6,18,2.093,2.3011,14.9664,8.7116,16.1123,17,9,6,1,1,0.3175,0.3901,0.1034,0.1891
R-1937,M-278,Mid-Market,EMEA,39.0,No,42600,82,32,0.3902,0.3794,24.0,102,4.25,3.9875,16.3593,10.3257,16.3812,50,18,10,14,8,0.4987,0.1197,0.249,0.1327
R-1938,M-278,Mid-Market,EMEA,26.9,No,33900,133,17,0.1278,0.1645,24.0,78,3.25,3.0408,15.7827,11.2149,15.0956,116,49,31,8,28,0.3719,0.3483,0.0804,0.1994
R-1939,M-278,Mid-Market,EMEA,74.3,No,45000,56,18,0.3214,0.2873,24.0,52,2.1667,1.8876,10.8659,9.4075,10.3794,38,15,6,14,3,0.4516,0.1449,0.2946,0.1088
R-1940,M-278,Mid-Market,EMEA,10.9,No,37800,28,14,0.5,0.4823,10.9,26,2.3853,2.379,10.7346,9.084,11.7911,14,3,8,3,0,0.4678,0.3901,0.1098,0.0323
R-1941,M-278,Mid-Market,EMEA,26.9,Yes,52300,58,19,0.3276,0.3242,24.0,62,2.5833,2.8857,9.3532,8.074,8.3621,39,19,11,3,6,0.4003,0.2667,0.0741,0.2589
R-1942,M-278,Mid-Market,EMEA,44.3,Yes,28900,86,54,0.6279,0.6088,24.0,62,2.5833,2.3757,12.437,8.9727,12.4742,32,11,8,7,6,0.3633,0.2725,0.2112,0.153
R-1943,M-279,Enterprise,EMEA,16.8,No,152700,25,6,0.24,0.1604,16.8,46,2.7381,3.2972,16.5173,10.6061,17.3291,19,6,3,2,8,0.2561,0.2629,0.1061,0.3749
R-1944,M-279,Enterprise,EMEA,8.9,Yes,177500,16,2,0.125,0.1405,8.9,27,3.0337,2.7974,14.7151,11.9005,14.0046,14,7,5,0,2,0.5682,0.2353,0.0218,0.1747
R-1945,M-279,Enterprise,EMEA,18.9,Yes,245800,18,4,0.2222,0.1633,18.9,29,1.5344,1.8948,13.414,9.8722,11.7735,14,5,6,0,3,0.3474,0.4199,0.0281,0.2047
R-1946,M-279,Enterprise,EMEA,24.8,No,228900,38,4,0.1053,0.2568,24.0,50,2.0833,2.2548,14.0854,8.9106,14.6473,34,17,3,0,14,0.5344,0.0784,0.0309,0.3562
R-1947,M-279,Enterprise,EMEA,1.6,Yes,185300,3,1,0.3333,0.2459,1.6,4,2.5,2.6067,16.7981,10.8344,11.1877,2,1,1,0,0,0.265,0.6204,0.0863,0.0283
R-1948,M-279,Enterprise,EMEA,10.9,Yes,172100,7,1,0.1429,0.1102,10.9,25,2.2936,2.6833,12.9895,10.7769,10.9656,6,4,1,0,1,0.5782,0.1674,0.0816,0.1729
R-1949,M-280,SMB,APAC,19.2,No,11700,150,16,0.1067,0.0725,19.2,119,6.1979,6.5245,14.3903,10.5415,13.7939,134,26,43,41,24,0.1866,0.4076,0.2438,0.162
R-1950,M-280,SMB,APAC,9.6,No,5300,51,10,0.1961,0.1985,9.6,31,3.2292,3.7286,17.1899,10.786,18.971,41,11,10,15,5,0.1817,0.3187,0.3854,0.1142
R-1951,M-280,SMB,APAC,12.0,Yes,11300,50,8,0.16,0.1477,12.0,29,2.4167,2.9759,13.3109,10.1302,14.6065,42,9,13,12,8,0.1751,0.3241,0.3039,0.1969
R-1952,M-280,SMB,APAC,53.6,Yes,9600,141,41,0.2908,0.362,24.0,138,5.75,5.1878,13.5924,10.3236,11.7377,100,15,23,39,23,0.1978,0.2406,0.3526,0.209
R-1953,M-280,SMB,APAC,28.9,Yes,8800,216,83,0.3843,0.3379,24.0,131,5.4583,5.0979,15.4491,10.3778,14.5641,133,46,34,47,6,0.3664,0.2408,0.3547,0.038
R-1954,M-280,SMB,APAC,5.2,No,6000,26,2,0.0769,0.1824,5.2,26,5.0,7.0092,9.6033,7.5251,4.9212,24,3,3,13,5,0.1869,0.1683,0.519,0.1257
R-1955,M-280,SMB,APAC,23.3,Yes,9400,227,117,0.5154,0.5136,23.3,128,5.4936,5.0844,16.0708,10.4135,15.9947,110,56,32,21,1,0.422,0.2733,0.1836,0.1211
R-1956,M-280,SMB,APAC,16.0,Yes,8600,151,51,0.3377,0.3665,16.0,82,5.125,4.32,17.0155,10.683,17.489,100,28,36,10,26,0.2045,0.4419,0.1423,0.2113
R-1957,M-280,SMB,APAC,29.7,Yes,10000,241,61,0.2531,0.2542,24.0,224,9.3333,8.8312,17.5346,10.5583,17.0747,180,24,36,92,28,0.157,0.2452,0.4347,0.1631
R-1958,M-280,SMB,APAC,66.1,No,8100,247,68,0.2753,0.326,24.0,141,5.875,5.5356,20.6178,11.4361,20.3536,179,35,88,6,50,0.2401,0.4488,0.0524,0.2586
R-1959,M-280,SMB,APAC,57.1,Yes,11000,199,79,0.397,0.4402,24.0,115,4.7917,4.977,18.5483,11.6469,17.0956,120,33,61,13,13,0.273,0.5173,0.1218,0.0879
R-1960,M-280,SMB,APAC,71.2,Yes,6600,192,61,0.3177,0.3671,24.0,115,4.7917,4.9086,11.2408,9.2003,9.4905,131,31,39,44,17,0.2293,0.2902,0.3393,0.1412
R-1961,M-280,SMB,APAC,36.5,Yes,11000,186,40,0.2151,0.2462,24.0,107,4.4583,4.4983,16.8657,10.4287,16.3323,146,41,33,54,18,0.3282,0.2164,0.3283,0.1272
R-1962,M-281,Enterprise,APAC,41.5,No,275500,28,8,0.2857,0.2434,24.0,42,1.75,1.8138,19.8305,9.4758,19.9778,20,7,8,2,3,0.3551,0.311,0.1982,0.1357
R-1963,M-281,Enterprise,APAC,19.5,No,178200,35,2,0.0571,0.1427,19.5,88,4.5128,3.9775,13.8355,8.942,12.5408,33,19,5,6,3,0.4974,0.161,0.1748,0.1668
R-1964,M-281,Enterprise,APAC,16.6,Yes,152800,22,1,0.0455,0.192,16.6,58,3.494,3.1248,12.1347,9.8588,11.3284,21,7,8,5,1,0.3249,0.3417,0.2698,0.0636
R-1965,M-281,Enterprise,APAC,13.5,No,137900,22,5,0.2273,0.2558,13.5,27,2.0,2.3177,13.8795,9.7066,12.7463,17,6,7,3,1,0.4975,0.3769,0.0768,0.0488
R-1966,M-281,Enterprise,APAC,9.1,No,230500,14,3,0.2143,0.241,9.1,42,4.6154,3.6373,14.2352,10.3116,14.7521,11,1,5,3,2,0.2644,0.3969,0.2374,0.1013
R-1967,M-281,Enterprise,APAC,15.5,Yes,180400,16,5,0.3125,0.3109,15.5,53,3.4194,3.1268,14.0782,9.1207,12.5267,11,7,2,2,0,0.6814,0.2159,0.043,0.0597
R-1968,M-281,Enterprise,APAC,42.8,Yes,184000,33,12,0.3636,0.3472,24.0,40,1.6667,1.1792,17.8651,12.6687,14.089,21,12,6,0,3,0.7057,0.2061,0.0188,0.0694
R-1969,M-281,Enterprise,APAC,12.1,Yes,225700,18,4,0.2222,0.1539,12.1,34,2.8099,2.4918,9.529,9.6706,14.0172,14,7,6,1,0,0.3713,0.5653,0.0517,0.0118
R-1970,M-281,Enterprise,APAC,15.0,No,185900,19,5,0.2632,0.1784,15.0,23,1.5333,1.431,8.7739,5.6311,9.5714,14,5,3,0,6,0.4558,0.2481,0.0342,0.2618
R-1971,M-281,Enterprise,APAC,6.9,No,209400,6,0,0.0,0.3878,6.9,18,2.6087,2.71,2.9344,3.5469,6.4078,6,3,2,0,1,0.442,0.3136,0.181,0.0634
R-1972,M-281,Enterprise,APAC,42.3,Yes,208500,37,11,0.2973,0.3634,24.0,64,2.6667,2.4181,11.7592,10.2285,8.2781,26,7,11,4,4,0.2514,0.3573,0.228,0.1632
R-1973,M-281,Enterprise,APAC,34.6,Yes,271000,32,5,0.1562,0.1414,24.0,35,1.4583,2.0064,11.9958,8.9058,12.3203,27,13,3,7,4,0.3548,0.1799,0.2463,0.219
R-1974,M-281,Enterprise,APAC,8.3,Yes,134700,9,4,0.4444,0.1945,8.3,19,2.2892,2.6028,10.8685,7.7546,11.0074,5,1,0,3,1,0.514,0.1529,0.182,0.1511
R-1975,M-281,Enterprise,APAC,37.0,Yes,167100,33,12,0.3636,0.3407,24.0,37,1.5417,1.532,10.5368,8.5143,10.5374,21,10,1,10,0,0.4525,0.1316,0.3523,0.0636
R-1976,M-282,Enterprise,North America,8.0,No,225000,14,1,0.0714,0.0877,8.0,34,4.25,3.2682,7.6713,8.8676,10.5162,13,8,3,0,2,0.2905,0.3058,0.1582,0.2454
R-1977,M-282,Enterprise,North America,2.4,No,117400,3,0,0.0,0.1679,2.4,4,1.6667,2.4487,14.3167,6.6887,14.3255,3,1,2,0,0,0.1366,0.3814,0.1126,0.3694
R-1978,M-282,Enterprise,North America,37.5,Yes,162500,27,6,0.2222,0.3138,24.0,59,2.4583,2.0632,10.9867,10.3837,7.2341,21,4,14,1,2,0.172,0.4753,0.0863,0.2664
R-1979,M-282,Enterprise,North America,21.9,No,215100,30,4,0.1333,0.1978,21.9,26,1.1872,1.5925,15.6304,10.7003,15.4846,26,8,12,5,1,0.4426,0.435,0.0941,0.0283
R-1980,M-282,Enterprise,North America,8.8,No,169800,9,0,0.0,0.1715,8.8,26,2.9545,3.0934,11.2839,10.5285,8.793,9,3,4,1,1,0.4027,0.2331,0.1597,0.2045
R-1981,M-282,Enterprise,North America,8.7,Yes,245400,12,6,0.5,0.3321,8.7,44,5.0575,4.5878,11.9744,12.1043,13.1757,6,2,2,0,2,0.2993,0.45,0.0856,0.1651
R-1982,M-282,Enterprise,North America,21.0,Yes,94000,29,16,0.5517,0.3889,21.0,41,1.9524,1.8904,13.2975,8.9751,13.0271,13,4,3,5,1,0.4888,0.2731,0.1093,0.1289
R-1983,M-282,Enterprise,North America,5.3,No,157500,3,0,0.0,0.2317,5.3,15,2.8302,3.7598,23.2886,8.1546,17.0574,3,1,2,0,0,0.3452,0.3637,0.0851,0.2059
R-1984,M-282,Enterprise,North America,6.3,No,210500,7,0,0.0,0.1715,6.3,23,3.6508,4.1853,20.8218,10.5682,15.6456,7,3,2,2,0,0.2393,0.4661,0.2224,0.0723
R-1985,M-282,Enterprise,North America,31.0,Yes,194000,18,6,0.3333,0.3712,24.0,66,2.75,2.6394,11.7267,10.6375,8.7528,12,6,3,1,2,0.3661,0.4043,0.0631,0.1665
R-1986,M-283,SMB,EMEA,21.7,No,11100,161,7,0.0435,0.0324,21.7,114,5.2535,5.528,12.586,9.0848,9.9798,154,19,45,43,47,0.1482,0.2992,0.2825,0.2701
R-1987,M-283,SMB,EMEA,100.7,No,8200,145,30,0.2069,0.2267,24.0,182,7.5833,7.3349,12.3649,9.5191,11.3866,115,27,32,29,27,0.2421,0.3075,0.2459,0.2046
R-1988,M-283,SMB,EMEA,25.1,Yes,7100,238,30,0.1261,0.1303,24.0,121,5.0417,5.4655,15.7202,9.1662,15.6109,208,86,70,36,16,0.4235,0.3381,0.1815,0.057
R-1989,M-283,SMB,EMEA,4.6,No,9700,26,9,0.3462,0.2323,4.6,27,5.8696,7.4717,10.869,9.775,7.7565,17,5,1,3,8,0.2415,0.2033,0.1228,0.4325
R-1990,M-283,SMB,EMEA,26.2,Yes,8100,265,64,0.2415,0.2203,24.0,243,10.125,9.8312,13.5596,10.0874,14.005,201,27,103,36,35,0.1313,0.5273,0.1774,0.164
R-1991,M-283,SMB,EMEA,22.6,Yes,10300,81,2,0.0247,0.0255,22.6,127,5.6195,5.617,16.155,11.128,13.3033,79,8,34,22,15,0.088,0.5143,0.2052,0.1924
R-1992,M-284,SMB,North America,11.5,Yes,13000,72,26,0.3611,0.3718,11.5,53,4.6087,5.7646,16.7015,9.7224,16.1098,46,6,34,6,0,0.1712,0.5644,0.2114,0.0529
R-1993,M-284,SMB,North America,54.0,Yes,11500,169,112,0.6627,0.665,24.0,151,6.2917,5.7813,12.7047,9.5421,12.9654,57,2,31,17,7,0.0254,0.4265,0.4077,0.1403
R-1994,M-284,SMB,North America,57.1,No,9500,186,72,0.3871,0.3631,24.0,246,10.25,9.3639,17.3567,10.4944,16.1799,114,76,11,16,11,0.6424,0.0895,0.1562,0.1119
R-1995,M-284,SMB,North America,21.2,Yes,7300,196,101,0.5153,0.459,21.2,142,6.6981,6.8832,14.38,9.819,14.2657,95,32,20,33,10,0.3569,0.2309,0.2987,0.1135
R-1996,M-284,SMB,North America,3.3,No,9200,17,3,0.1765,0.2672,3.3,10,3.0303,4.7446,12.945,9.4965,13.6298,14,5,3,2,4,0.2522,0.3387,0.2153,0.1938
R-1997,M-284,SMB,North America,25.7,No,11100,139,38,0.2734,0.3389,24.0,143,5.9583,5.8381,8.0917,8.7992,6.2154,101,14,75,9,3,0.163,0.6755,0.05,0.1115
R-1998,M-284,SMB,North America,59.1,Yes,11300,204,109,0.5343,0.5346,24.0,294,12.25,12.2635,12.7118,9.5859,12.167,95,47,14,15,19,0.4287,0.1818,0.1742,0.2152
R-1999,M-284,SMB,North America,19.2,No,6900,146,55,0.3767,0.4141,19.2,115,5.9896,6.5871,13.9614,9.57,13.5089,91,14,32,28,17,0.1652,0.3599,0.201,0.274
R-2000,M-284,SMB,North America,30.7,No,12000,219,74,0.3379,0.3003,24.0,144,6.0,6.2442,16.1497,10.8472,16.6277,145,31,46,48,20,0.2037,0.3146,0.3464,0.1354
R-2001,M-284,SMB,North America,6.3,No,12500,36,14,0.3889,0.5,6.3,61,9.6825,9.2379,11.9321,9.7227,9.2939,22,1,8,7,6,0.149,0.349,0.2644,0.2375
R-2002,M-284,SMB,North America,2.1,No,8200,4,1,0.25,0.2665,2.1,29,13.8095,7.7605,12.5017,5.2051,10.2063,3,2,0,1,0,0.3825,0.1266,0.3274,0.1636
R-2003,M-284,SMB,North America,11.1,No,9500,74,33,0.4459,0.3787,11.1,100,9.009,10.301,10.2796,11.186,9.0459,41,11,22,6,2,0.2367,0.4786,0.2245,0.0601
R-2004,M-285,SMB,APAC,21.4,No,11400,125,30,0.24,0.3259,21.4,125,5.8411,6.1714,13.2,10.1797,12.7465,95,34,39,16,6,0.366,0.4377,0.1537,0.0426
R-2005,M-285,SMB,APAC,19.7,No,5700,133,32,0.2406,0.2333,19.7,130,6.599,6.1092,9.7929,8.5927,9.6932,101,37,43,11,10,0.3621,0.3745,0.1724,0.091
R-2006,M-285,SMB,APAC,86.2,Yes,11500,162,78,0.4815,0.4952,24.0,148,6.1667,6.4937,13.9941,9.5522,14.1483,84,18,36,22,8,0.2595,0.3907,0.2595,0.0904
R-2007,M-285,SMB,APAC,20.3,Yes,7200,159,61,0.3836,0.3837,20.3,164,8.0788,8.4035,14.25,10.9375,14.0668,98,11,39,21,27,0.064,0.414,0.2913,0.2307
R-2008,M-285,SMB,APAC,37.2,Yes,8000,162,51,0.3148,0.354,24.0,182,7.5833,7.3396,12.0433,9.6084,11.1036,111,42,26,38,5,0.408,0.2062,0.3373,0.0484
R-2009,M-285,SMB,APAC,24.0,No,7100,191,45,0.2356,0.2031,24.0,167,6.9583,7.218,13.6841,10.0219,13.2847,146,32,26,73,15,0.2229,0.1386,0.527,0.1115
R-2010,M-286,SMB,APAC,34.3,Yes,6700,169,59,0.3491,0.3629,24.0,123,5.125,5.0894,11.9017,9.3754,12.1734,110,24,57,25,4,0.1718,0.5247,0.2425,0.0609
R-2011,M-286,SMB,APAC,11.0,Yes,9800,60,16,0.2667,0.2961,11.0,64,5.8182,5.2632,11.5737,9.4758,12.0819,44,11,20,7,6,0.234,0.453,0.1508,0.1622
R-2012,M-286,SMB,APAC,38.4,Yes,10100,143,41,0.2867,0.3175,24.0,175,7.2917,7.2231,13.7783,10.2917,14.2533,102,22,44,13,23,0.1571,0.4453,0.1455,0.2521
R-2013,M-286,SMB,APAC,62.1,Yes,10300,159,69,0.434,0.4641,24.0,119,4.9583,5.2753,12.2998,9.8235,11.9732,90,39,19,19,13,0.4141,0.2051,0.2421,0.1387
R-2014,M-286,SMB,APAC,72.2,Yes,10500,153,77,0.5033,0.5402,24.0,238,9.9167,10.1591,13.4664,9.5315,13.7162,76,8,34,26,8,0.1349,0.4328,0.2989,0.1334
R-2015,M-286,SMB,APAC,51.5,No,7500,119,50,0.4202,0.4142,24.0,133,5.5417,5.7518,14.0969,8.9494,12.6939,69,6,23,8,32,0.1431,0.296,0.1244,0.4365
R-2016,M-286,SMB,APAC,42.1,Yes,8900,167,40,0.2395,0.2866,24.0,176,7.3333,7.5457,15.1278,10.1543,14.028,127,23,58,35,11,0.1966,0.4788,0.258,0.0666
R-2017,M-286,SMB,APAC,32.4,Yes,9700,230,86,0.3739,0.3661,24.0,155,6.4583,6.6854,13.5326,9.1073,11.6418,144,81,34,10,19,0.5221,0.26,0.0685,0.1494
R-2018,M-286,SMB,APAC,31.4,Yes,8500,116,41,0.3534,0.3058,24.0,159,6.625,6.9925,10.4503,9.8653,10.354,75,6,43,18,8,0.0977,0.5195,0.2077,0.1751
R-2019,M-286,SMB,APAC,12.3,Yes,8500,90,17,0.1889,0.1615,12.3,46,3.7398,4.312,13.9619,8.3945,13.7704,73,23,10,22,18,0.28,0.1557,0.3312,0.233
R-2020,M-286,SMB,APAC,7.0,No,8200,61,22,0.3607,0.2476,7.0,22,3.1429,3.5732,18.6838,10.7539,16.7307,39,3,22,8,6,0.0989,0.6163,0.15,0.1347
R-2021,M-286,SMB,APAC,9.8,No,6800,75,20,0.2667,0.3026,9.8,39,3.9796,4.2124,17.049,11.3892,14.9397,55,11,9,34,1,0.2278,0.185,0.5176,0.0696
R-2022,M-286,SMB,APAC,6.8,No,5800,47,10,0.2128,0.2482,6.8,36,5.2941,6.2667,16.2531,10.9073,16.8367,37,11,13,2,11,0.148,0.395,0.1754,0.2816
R-2023,M-286,SMB,APAC,7.3,No,9100,20,3,0.15,0.1795,7.3,60,8.2192,9.1138,8.3106,9.1078,7.6274,17,1,4,4,8,0.2975,0.2692,0.2011,0.2323
R-2024,M-286,SMB,APAC,24.6,Yes,8300,164,49,0.2988,0.2744,24.0,151,6.2917,5.5712,8.5725,8.6152,7.2701,115,23,19,53,20,0.2291,0.2159,0.3831,0.172
R-2025,M-286,SMB,APAC,36.2,No,10600,152,65,0.4276,0.3485,24.0,162,6.75,7.6305,15.9001,9.8146,15.0406,87,8,24,41,14,0.0597,0.3198,0.4157,0.2049
R-2026,M-286,SMB,APAC,11.6,Yes,6900,73,20,0.274,0.2228,11.6,69,5.9483,6.2084,10.3099,8.8572,9.8671,53,12,9,28,4,0.2686,0.2346,0.4209,0.0759
R-2027,M-287,Mid-Market,APAC,5.9,Yes,48000,14,5,0.3571,0.224,5.9,25,4.2373,4.1052,12.535,8.6143,11.0936,9,2,1,1,5,0.185,0.1745,0.2135,0.427
R-2028,M-287,Mid-Market,APAC,13.5,Yes,38200,32,7,0.2188,0.1359,13.5,55,4.0741,3.5454,13.8049,10.5683,11.1169,25,13,4,1,7,0.3772,0.2476,0.0404,0.3348
R-2029,M-287,Mid-Market,APAC,28.6,Yes,35500,53,13,0.2453,0.2076,24.0,57,2.375,2.8181,10.2024,8.2563,11.4832,40,2,20,15,3,0.0973,0.4682,0.298,0.1365
R-2030,M-287,Mid-Market,APAC,10.3,Yes,42100,28,5,0.1786,0.2178,10.3,60,5.8252,5.1214,9.6254,9.8813,6.5875,23,6,10,5,2,0.1814,0.397,0.2662,0.1554
R-2031,M-287,Mid-Market,APAC,30.4,No,47400,84,9,0.1071,0.1898,24.0,70,2.9167,3.0391,13.6632,10.6388,12.5704,75,3,40,17,15,0.0943,0.5193,0.2695,0.1169
R-2032,M-287,Mid-Market,APAC,28.5,Yes,48700,47,17,0.3617,0.3595,24.0,73,3.0417,2.8303,11.1964,9.3133,9.9415,30,12,10,3,5,0.4337,0.3317,0.0679,0.1667
R-2033,M-287,Mid-Market,APAC,23.1,No,41200,59,15,0.2542,0.2494,23.1,121,5.2381,5.4169,15.2094,9.9728,14.5475,44,23,16,2,3,0.4123,0.4582,0.0431,0.0864
R-2034,M-288,Mid-Market,North America,32.9,No,33700,105,47,0.4476,0.4525,24.0,72,3.0,3.2063,14.7275,9.6538,12.6638,58,40,13,4,1,0.6432,0.2064,0.1283,0.0221
R-2035,M-288,Mid-Market,North America,32.1,Yes,40400,63,28,0.4444,0.2899,24.0,123,5.125,5.3237,10.4248,8.853,11.3931,35,11,8,5,11,0.2901,0.2736,0.1608,0.2754
R-2036,M-288,Mid-Market,North America,7.5,Yes,39600,22,5,0.2273,0.4018,7.5,22,2.9333,3.6325,15.7105,10.5797,11.8326,17,2,4,8,3,0.1954,0.3162,0.4066,0.0819
R-2037,M-288,Mid-Market,North America,24.4,No,55500,111,25,0.2252,0.2411,24.0,129,5.375,4.9123,9.4451,8.7495,9.1353,86,30,15,10,31,0.3555,0.2408,0.106,0.2977
R-2038,M-288,Mid-Market,North America,25.9,Yes,32200,95,59,0.6211,0.6087,24.0,117,4.875,4.3886,12.3299,9.9668,11.9501,36,23,3,5,5,0.5163,0.1921,0.2059,0.0856
R-2039,M-288,Mid-Market,North America,47.8,No,35000,96,36,0.375,0.3374,24.0,84,3.5,3.4721,15.2039,10.2751,14.706,60,10,19,16,15,0.2102,0.3071,0.2324,0.2502
R-2040,M-289,SMB,EMEA,17.8,Yes,7100,143,53,0.3706,0.3217,17.8,160,8.9888,9.4378,15.0357,9.6941,14.3469,90,18,19,36,17,0.1619,0.1839,0.4971,0.1572
R-2041,M-289,SMB,EMEA,15.0,Yes,7300,90,37,0.4111,0.3696,15.0,52,3.4667,4.4866,10.9008,9.1912,10.5341,53,8,11,12,22,0.1901,0.1753,0.169,0.4656
R-2042,M-289,SMB,EMEA,22.5,No,5300,165,49,0.297,0.3561,22.5,146,6.4889,6.5928,12.9135,10.5786,11.6884,116,9,40,62,5,0.0541,0.3665,0.518,0.0614
R-2043,M-289,SMB,EMEA,20.1,No,9900,150,47,0.3133,0.2696,20.1,138,6.8657,7.3974,9.3846,8.0961,8.1205,103,29,39,22,13,0.3221,0.2482,0.309,0.1207
R-2044,M-289,SMB,EMEA,23.5,No,10400,193,35,0.1813,0.2268,23.5,135,5.7447,5.3808,12.4751,9.8209,13.6498,158,11,29,64,54,0.0961,0.2175,0.353,0.3334
R-2045,M-289,SMB,EMEA,18.9,No,10200,158,47,0.2975,0.2591,18.9,129,6.8254,5.6259,13.3395,8.9363,12.4464,111,9,72,24,6,0.0968,0.5886,0.2174,0.0972
R-2046,M-289,SMB,EMEA,14.7,No,9200,122,29,0.2377,0.2668,14.7,94,6.3946,6.9528,16.3319,10.5214,16.3512,93,10,29,16,38,0.1237,0.2646,0.1638,0.448
R-2047,M-289,SMB,EMEA,20.6,No,7800,146,32,0.2192,0.2414,20.6,92,4.466,4.0819,9.8937,8.7601,9.5174,114,10,32,42,30,0.1093,0.3165,0.3356,0.2385
R-2048,M-289,SMB,EMEA,18.9,No,8200,105,23,0.219,0.166,18.9,116,6.1376,4.896,13.3166,10.1013,11.9098,82,24,37,10,11,0.3225,0.4401,0.1328,0.1046
R-2049,M-289,SMB,EMEA,32.8,Yes,7600,175,86,0.4914,0.4683,24.0,216,9.0,8.9742,11.5073,9.2057,9.6095,89,7,30,46,6,0.1091,0.3667,0.457,0.0672
R-2050,M-289,SMB,EMEA,21.8,Yes,7100,125,52,0.416,0.5517,21.8,131,6.0092,5.916,12.5989,9.4165,11.8094,73,14,19,22,18,0.1323,0.287,0.2967,0.284
R-2051,M-289,SMB,EMEA,28.7,Yes,8100,120,63,0.525,0.4519,24.0,178,7.4167,6.8717,13.1976,9.6343,10.849,57,10,29,13,5,0.1335,0.6219,0.1306,0.1139
R-2052,M-289,SMB,EMEA,9.6,No,7900,37,10,0.2703,0.2952,9.6,75,7.8125,6.7321,18.7592,10.6426,15.5554,27,4,14,2,7,0.3038,0.349,0.2012,0.146
R-2053,M-290,Enterprise,EMEA,3.4,Yes,164800,3,0,0.0,0.1666,3.4,11,3.2353,2.0706,21.5613,12.4231,16.2165,3,0,3,0,0,0.3849,0.4496,0.0164,0.149
R-2054,M-290,Enterprise,EMEA,40.9,Yes,182200,29,11,0.3793,0.3069,24.0,88,3.6667,3.0665,11.2856,10.9158,16.2061,18,7,3,3,5,0.5728,0.199,0.1398,0.0884
R-2055,M-290,Enterprise,EMEA,11.1,No,188900,17,3,0.1765,0.2431,11.1,23,2.0721,1.7488,19.5062,6.7724,17.611,14,9,3,2,0,0.4838,0.3927,0.0348,0.0887
R-2056,M-290,Enterprise,EMEA,14.4,No,127300,17,3,0.1765,0.2327,14.4,46,3.1944,3.1512,13.0488,8.8243,13.3129,14,5,2,4,3,0.5106,0.1845,0.2054,0.0994
R-2057,M-290,Enterprise,EMEA,4.9,No,186600,7,1,0.1429,0.1562,4.9,11,2.2449,3.319,7.6369,6.9206,11.6959,6,1,5,0,0,0.097,0.7658,0.0138,0.1234
R-2058,M-290,Enterprise,EMEA,19.3,No,164800,20,6,0.3,0.251,19.3,54,2.7979,2.4157,10.2532,9.1415,6.9104,14,5,4,2,3,0.3995,0.3847,0.1293,0.0864
R-2059,M-290,Enterprise,EMEA,15.7,Yes,164200,15,3,0.2,0.1866,15.7,53,3.3758,3.0305,12.4645,9.476,14.5629,12,5,4,0,3,0.4198,0.3957,0.109,0.0754
R-2060,M-290,Enterprise,EMEA,42.0,Yes,147900,18,8,0.4444,0.395,24.0,48,2.0,2.1811,14.3715,10.5879,14.922,10,5,3,0,2,0.4303,0.2904,0.0456,0.2338
R-2061,M-291,Enterprise,North America,42.9,Yes,215900,30,2,0.0667,0.1436,24.0,76,3.1667,3.0558,11.3762,7.7002,8.3411,28,18,9,0,1,0.5964,0.2394,0.0975,0.0667
R-2062,M-291,Enterprise,North America,9.8,No,191600,9,0,0.0,0.1024,9.8,13,1.3265,1.3413,15.9793,10.6753,15.6229,9,4,4,0,1,0.4454,0.4143,0.0577,0.0826
R-2063,M-291,Enterprise,North America,32.7,No,273100,25,6,0.24,0.2405,24.0,65,2.7083,2.1552,15.4177,10.8892,15.3856,19,6,4,1,8,0.3845,0.2588,0.0338,0.3229
R-2064,M-291,Enterprise,North America,91.1,Yes,208800,25,2,0.08,0.1785,24.0,44,1.8333,1.7337,6.8781,7.5638,9.3533,23,12,4,1,6,0.3949,0.4166,0.0464,0.1421
R-2065,M-291,Enterprise,North America,6.7,Yes,130900,9,1,0.1111,0.1345,6.7,15,2.2388,3.2853,8.0535,8.9928,10.319,8,2,5,0,1,0.5766,0.3113,0.0665,0.0456
R-2066,M-291,Enterprise,North America,4.6,No,249000,5,0,0.0,0.0768,4.6,8,1.7391,2.072,6.7196,13.4095,13.2101,5,1,3,0,1,0.2193,0.6627,0.0522,0.0658
R-2067,M-291,Enterprise,North America,69.0,Yes,195100,37,16,0.4324,0.4372,24.0,35,1.4583,1.2072,13.8172,10.6276,12.7424,21,9,6,1,5,0.3088,0.4662,0.0372,0.1878
R-2068,M-291,Enterprise,North America,56.4,Yes,175300,43,16,0.3721,0.2873,24.0,59,2.4583,2.3135,19.9507,11.8711,18.7594,27,11,7,5,4,0.4194,0.2922,0.1499,0.1385
R-2069,M-291,Enterprise,North America,47.4,Yes,219900,37,11,0.2973,0.2629,24.0,48,2.0,1.7727,13.8312,9.8328,14.1438,26,4,10,4,8,0.2771,0.4047,0.1328,0.1854
R-2070,M-291,Enterprise,North America,13.2,No,191100,24,4,0.1667,0.083,13.2,19,1.4394,1.7806,12.5698,9.307,11.1695,20,6,12,2,0,0.34,0.4815,0.0875,0.091
R-2071,M-291,Enterprise,North America,46.2,No,126900,43,2,0.0465,0.0732,24.0,104,4.3333,3.6912,12.2014,10.5021,11.2183,41,8,12,9,12,0.1958,0.35,0.1527,0.3014
R-2072,M-291,Enterprise,North America,1.7,No,192000,3,1,0.3333,0.1602,1.7,3,1.7647,2.2872,8.8395,7.9005,8.7313,2,1,0,0,1,0.5672,0.2218,0.083,0.128
R-2073,M-292,Mid-Market,EMEA,2.1,Yes,41600,3,1,0.3333,0.2879,2.1,12,5.7143,4.8061,16.6831,20.0962,10.6521,2,0,1,1,0,0.3072,0.3773,0.1482,0.1672
R-2074,M-292,Mid-Market,EMEA,11.7,Yes,33900,27,8,0.2963,0.4496,11.7,36,3.0769,3.5687,21.8267,8.3455,20.9747,19,8,9,0,2,0.3163,0.3507,0.1368,0.1962
R-2075,M-292,Mid-Market,EMEA,14.2,No,44000,67,25,0.3731,0.3628,14.2,67,4.7183,4.5628,13.523,10.7826,12.6788,42,21,12,6,3,0.5697,0.2437,0.0967,0.0898
R-2076,M-292,Mid-Market,EMEA,29.6,Yes,45100,86,27,0.314,0.3995,24.0,90,3.75,3.9512,13.2381,10.611,14.8643,59,19,18,8,14,0.4214,0.3041,0.0973,0.1772
R-2077,M-292,Mid-Market,EMEA,14.7,No,50400,46,12,0.2609,0.2927,14.7,56,3.8095,3.4812,11.6826,8.0785,9.19,34,11,7,13,3,0.3643,0.2261,0.2306,0.1789
R-2078,M-292,Mid-Market,EMEA,12.8,No,35100,45,15,0.3333,0.2756,12.8,84,6.5625,6.5299,14.8091,8.3047,12.1569,30,5,7,10,8,0.2165,0.2376,0.2994,0.2465
R-2079,M-292,Mid-Market,EMEA,23.2,No,61500,83,31,0.3735,0.3709,23.2,67,2.8879,2.9668,11.6683,9.655,10.2883,52,2,20,6,24,0.1291,0.2726,0.1629,0.4353
R-2080,M-292,Mid-Market,EMEA,19.0,No,50600,72,34,0.4722,0.4792,19.0,74,3.8947,3.875,12.2914,9.6015,10.7449,38,7,12,12,7,0.2584,0.257,0.3278,0.1568
R-2081,M-292,Mid-Market,EMEA,17.7,Yes,49900,60,28,0.4667,0.4061,17.7,70,3.9548,4.1211,17.4043,9.4237,16.1135,32,23,5,1,3,0.6533,0.1698,0.0303,0.1466
R-2082,M-292,Mid-Market,EMEA,101.1,Yes,39700,91,61,0.6703,0.6906,24.0,80,3.3333,3.8822,10.1603,9.0926,10.6411,30,6,7,6,11,0.2023,0.2613,0.1798,0.3567
R-2083,M-293,Mid-Market,North America,27.0,Yes,47400,72,14,0.1944,0.2249,24.0,188,7.8333,7.24,14.2817,11.8142,15.0047,58,17,22,6,13,0.1683,0.4115,0.1779,0.2422
R-2084,M-293,Mid-Market,North America,107.8,Yes,37400,72,31,0.4306,0.4583,24.0,88,3.6667,3.4957,14.2605,10.0469,12.8628,41,13,15,10,3,0.2994,0.4173,0.1534,0.13
R-2085,M-293,Mid-Market,North America,3.9,No,38900,7,0,0.0,0.0612,3.9,14,3.5897,3.461,8.7786,6.1914,7.9213,7,2,2,1,2,0.3553,0.1541,0.3132,0.1774
R-2086,M-293,Mid-Market,North America,11.6,No,35200,55,5,0.0909,0.0998,11.6,29,2.5,2.0508,15.896,10.6816,15.4234,50,28,18,3,1,0.6527,0.1874,0.1299,0.03
R-2087,M-293,Mid-Market,North America,20.8,Yes,34800,61,11,0.1803,0.2529,20.8,59,2.8365,3.2497,14.4441,10.3521,11.6088,50,13,19,9,9,0.3136,0.3428,0.1911,0.1525
R-2088,M-293,Mid-Market,North America,5.8,No,43000,21,6,0.2857,0.2561,5.8,31,5.3448,4.2726,6.5828,8.3177,9.7153,15,3,8,1,3,0.1496,0.3389,0.1925,0.319
R-2089,M-293,Mid-Market,North America,33.0,Yes,37900,77,22,0.2857,0.2222,24.0,80,3.3333,2.9124,14.256,9.164,13.5459,55,22,15,13,5,0.4029,0.299,0.231,0.0671
R-2090,M-293,Mid-Market,North America,14.8,No,50700,54,13,0.2407,0.233,14.8,91,6.1486,5.0239,13.007,9.1541,11.3943,41,8,9,22,2,0.3026,0.2197,0.3967,0.081
R-2091,M-293,Mid-Market,North America,19.6,No,57600,36,2,0.0556,0.0927,19.6,93,4.7449,5.2798,7.172,7.6996,6.3031,34,16,14,3,1,0.4655,0.4727,0.0555,0.0063
R-2092,M-293,Mid-Market,North America,21.1,Yes,38300,55,5,0.0909,0.1041,21.1,98,4.6445,5.0784,13.202,9.5449,12.9665,50,11,15,10,14,0.1822,0.2984,0.2209,0.2985
R-2093,M-293,Mid-Market,North America,38.2,Yes,45400,72,14,0.1944,0.2152,24.0,65,2.7083,2.9912,12.6451,8.8344,12.2576,58,26,27,0,5,0.3473,0.489,0.0247,0.1391
R-2094,M-293,Mid-Market,North America,37.2,No,36900,59,20,0.339,0.2861,24.0,120,5.0,4.4192,14.8257,9.5221,15.5441,39,18,17,2,2,0.4568,0.3548,0.125,0.0635
R-2095,M-294,Mid-Market,North America,10.3,No,30200,18,4,0.2222,0.1721,10.3,25,2.4272,3.3246,10.6413,8.0571,10.1734,14,4,7,2,1,0.2646,0.4252,0.2654,0.0447
R-2096,M-294,Mid-Market,North America,3.4,No,52400,4,0,0.0,0.1194,3.4,13,3.8235,6.0551,15.2388,15.2712,12.5871,4,0,1,2,1,0.2825,0.2617,0.2528,0.2031
R-2097,M-294,Mid-Market,North America,10.8,Yes,48100,40,10,0.25,0.2211,10.8,36,3.3333,2.7629,10.8235,7.5371,9.3545,30,6,22,1,1,0.298,0.5685,0.0596,0.0739
R-2098,M-294,Mid-Market,North America,3.9,No,44000,9,1,0.1111,0.1127,3.9,9,2.3077,4.041,15.5342,12.7897,10.3824,8,0,6,2,0,0.2896,0.4471,0.2562,0.0071
R-2099,M-294,Mid-Market,North America,16.2,Yes,51300,49,8,0.1633,0.2023,16.2,52,3.2099,3.1516,13.8119,11.4778,8.8843,41,23,13,2,3,0.4399,0.2692,0.0758,0.2151
R-2100,M-294,Mid-Market,North America,17.3,Yes,39300,83,30,0.3614,0.4205,17.3,85,4.9133,5.3063,13.1624,9.0734,11.6283,53,24,16,0,13,0.351,0.3597,0.0572,0.232
R-2101,M-294,Mid-Market,North America,8.4,Yes,40900,19,3,0.1579,0.1718,8.4,66,7.8571,5.3194,10.9638,9.7143,13.6471,16,3,4,6,3,0.3396,0.2908,0.2547,0.1149
R-2102,M-294,Mid-Market,North America,43.3,No,34700,84,28,0.3333,0.2902,24.0,69,2.875,3.1663,18.0014,11.5084,17.8085,56,16,14,10,16,0.3628,0.2221,0.2402,0.175
R-2103,M-295,Mid-Market,EMEA,43.8,Yes,34300,90,22,0.2444,0.2091,24.0,89,3.7083,3.1789,15.6564,11.2946,14.6611,68,13,19,10,26,0.1926,0.3168,0.1522,0.3385
R-2104,M-295,Mid-Market,EMEA,47.7,Yes,37500,78,33,0.4231,0.3814,24.0,107,4.4583,3.8141,9.9322,9.8919,7.6084,45,12,15,7,11,0.2778,0.3968,0.1585,0.1669
R-2105,M-295,Mid-Market,EMEA,7.7,Yes,41100,16,9,0.5625,0.5179,7.7,28,3.6364,3.7361,10.8258,8.9688,9.7262,7,3,1,3,0,0.2614,0.423,0.2576,0.0579
R-2106,M-295,Mid-Market,EMEA,3.2,Yes,40600,8,0,0.0,0.1992,3.2,12,3.75,3.9394,12.9035,8.2366,10.7828,8,1,2,2,3,0.3334,0.1651,0.2611,0.2404
R-2107,M-295,Mid-Market,EMEA,15.6,No,33100,66,16,0.2424,0.2015,15.6,71,4.5513,4.5802,12.9517,9.2597,11.6938,50,8,23,11,8,0.1761,0.4658,0.1873,0.1708
R-2108,M-295,Mid-Market,EMEA,12.7,No,32700,49,9,0.1837,0.2211,12.7,45,3.5433,3.5746,11.6292,8.5337,9.8477,40,7,14,2,17,0.1792,0.387,0.1128,0.321
R-2109,M-295,Mid-Market,EMEA,23.2,No,22500,70,21,0.3,0.2665,23.2,95,4.0948,3.9401,17.0054,10.2814,15.3726,49,26,10,11,2,0.4677,0.2054,0.2779,0.049
R-2110,M-295,Mid-Market,EMEA,39.7,No,52100,109,27,0.2477,0.2383,24.0,79,3.2917,3.2549,14.6669,10.1007,14.0664,82,35,27,6,14,0.4119,0.2552,0.1611,0.1718
R-2111,M-295,Mid-Market,EMEA,25.5,Yes,38700,78,30,0.3846,0.5015,24.0,63,2.625,3.068,14.5547,9.4477,12.2331,48,11,34,1,2,0.1716,0.7261,0.0594,0.0429
R-2112,M-295,Mid-Market,EMEA,12.9,Yes,35300,42,13,0.3095,0.3235,12.9,55,4.2636,3.9121,16.6644,12.4906,15.4299,29,6,12,9,2,0.1851,0.4895,0.1611,0.1643
R-2113,M-295,Mid-Market,EMEA,2.5,No,44200,3,0,0.0,0.2456,2.5,7,2.8,2.7944,5.5931,5.9107,15.5495,3,0,2,1,0,0.1417,0.6586,0.0914,0.1084
R-2114,M-295,Mid-Market,EMEA,28.2,No,44900,96,18,0.1875,0.1812,24.0,144,6.0,5.6483,8.7242,8.5815,8.2604,78,37,26,4,11,0.4876,0.3023,0.0568,0.1533
R-2115,M-295,Mid-Market,EMEA,3.0,No,50200,6,1,0.1667,0.2604,3.0,10,3.3333,4.9307,17.5941,13.4486,15.4952,5,1,2,1,1,0.4237,0.2245,0.0829,0.269
R-2116,M-296,Mid-Market,North America,25.4,Yes,39100,84,18,0.2143,0.2625,24.0,79,3.2917,3.2691,20.7159,11.4359,18.1807,66,14,7,35,10,0.2428,0.1519,0.4852,0.1201
R-2117,M-296,Mid-Market,North America,8.5,No,42600,22,8,0.3636,0.3148,8.5,27,3.1765,4.2177,18.8814,11.3674,13.4369,14,4,5,2,3,0.2879,0.4068,0.0853,0.2201
R-2118,M-296,Mid-Market,North America,40.0,Yes,31400,83,14,0.1687,0.2248,24.0,62,2.5833,2.9285,14.0991,10.6813,12.8728,69,29,25,1,14,0.3187,0.4511,0.0951,0.1351
R-2119,M-296,Mid-Market,North America,16.0,Yes,50000,86,34,0.3953,0.337,16.0,78,4.875,4.9969,11.0313,9.914,9.5036,52,23,13,5,11,0.3453,0.3266,0.0961,0.232
R-2120,M-296,Mid-Market,North America,30.0,Yes,41800,77,21,0.2727,0.2086,24.0,92,3.8333,4.2997,10.3559,10.0379,10.5445,56,19,15,9,13,0.3126,0.4173,0.1129,0.1572
R-2121,M-296,Mid-Market,North America,7.3,No,41800,21,7,0.3333,0.2039,7.3,27,3.6986,3.6186,11.7373,9.2156,11.9761,14,7,3,0,4,0.5059,0.2626,0.0571,0.1744
R-2122,M-296,Mid-Market,North America,48.7,No,38200,74,30,0.4054,0.3645,24.0,83,3.4583,3.4666,12.3528,9.6994,11.823,44,8,16,7,13,0.1539,0.279,0.2244,0.3427
R-2123,M-297,Enterprise,EMEA,52.9,Yes,174600,35,12,0.3429,0.4045,24.0,77,3.2083,2.7163,14.596,10.2296,12.052,23,12,10,1,0,0.4779,0.4152,0.0768,0.0301
R-2124,M-297,Enterprise,EMEA,23.5,Yes,158800,31,6,0.1935,0.1333,23.5,45,1.9149,1.6094,16.3161,10.4096,15.456,25,11,4,8,2,0.35,0.2855,0.2736,0.0908
R-2125,M-297,Enterprise,EMEA,11.9,No,140700,19,10,0.5263,0.3765,11.9,30,2.521,2.7166,12.9901,8.4105,10.6311,9,7,2,0,0,0.6001,0.26,0.0329,0.107
R-2126,M-297,Enterprise,EMEA,24.0,No,138700,35,11,0.3143,0.3232,24.0,71,2.9583,2.8703,17.3097,10.3948,15.5485,24,9,9,5,1,0.3046,0.4219,0.2088,0.0647
R-2127,M-297,Enterprise,EMEA,23.3,Yes,107200,39,16,0.4103,0.2974,23.3,55,2.3605,2.9143,15.7171,10.1387,14.1026,23,11,11,0,1,0.4845,0.3618,0.0019,0.1518
R-2128,M-297,Enterprise,EMEA,19.0,Yes,147100,23,4,0.1739,0.173,19.0,29,1.5263,1.7063,16.6442,8.1948,14.9135,19,9,0,9,1,0.2889,0.06,0.5616,0.0894
R-2129,M-297,Enterprise,EMEA,71.6,Yes,130400,31,14,0.4516,0.3691,24.0,29,1.2083,1.2089,8.0075,7.8461,9.6468,17,7,6,1,3,0.4908,0.4046,0.0345,0.0701
R-2130,M-297,Enterprise,EMEA,13.9,Yes,175400,26,8,0.3077,0.2159,13.9,19,1.3669,1.4583,10.3697,11.5345,9.8316,18,11,4,2,1,0.5568,0.2302,0.1572,0.0558
R-2131,M-297,Enterprise,EMEA,18.8,Yes,181400,17,4,0.2353,0.3121,18.8,24,1.2766,1.4402,11.1003,8.464,9.6983,13,8,3,1,1,0.3201,0.4428,0.1396,0.0975
R-2132,M-297,Enterprise,EMEA,19.8,Yes,133200,34,11,0.3235,0.245,19.8,78,3.9394,4.1073,8.7014,8.9116,9.3864,23,15,5,2,1,0.4496,0.3239,0.1,0.1265
R-2133,M-298,Mid-Market,EMEA,26.5,No,54700,121,47,0.3884,0.4572,24.0,102,4.25,4.4635,11.7016,9.9993,11.0652,74,14,17,24,19,0.2513,0.1947,0.3141,0.2399
R-2134,M-298,Mid-Market,EMEA,53.0,No,48600,113,42,0.3717,0.364,24.0,113,4.7083,4.751,15.7638,9.9984,13.8408,71,19,36,8,8,0.2712,0.4636,0.0837,0.1816
R-2135,M-298,Mid-Market,EMEA,6.3,Yes,33600,26,10,0.3846,0.3358,6.3,22,3.4921,2.9897,9.6439,8.5532,8.7329,16,4,4,1,7,0.3112,0.2183,0.0263,0.4442
R-2136,M-298,Mid-Market,EMEA,2.3,No,38800,3,1,0.3333,0.3028,2.3,13,5.6522,4.7596,15.3098,10.3738,13.1157,2,1,1,0,0,0.239,0.4857,0.158,0.1173
R-2137,M-298,Mid-Market,EMEA,23.7,No,37300,93,20,0.2151,0.2551,23.7,67,2.827,2.4786,15.9079,9.5695,14.3795,73,35,24,12,2,0.4195,0.3271,0.2135,0.0399
R-2138,M-298,Mid-Market,EMEA,9.7,No,40200,36,8,0.2222,0.2163,9.7,29,2.9897,2.5721,16.6961,9.4814,15.2566,28,7,13,6,2,0.2055,0.3868,0.2358,0.1719
R-2139,M-298,Mid-Market,EMEA,9.1,Yes,40000,18,10,0.5556,0.421,9.1,50,5.4945,4.9461,14.5843,11.1074,10.6162,8,1,2,3,2,0.3096,0.2341,0.2444,0.2119
R-2140,M-299,Enterprise,APAC,51.9,Yes,127200,38,13,0.3421,0.3546,24.0,33,1.375,1.783,12.6186,10.3492,12.7295,25,8,5,7,5,0.2944,0.2395,0.2229,0.2433
R-2141,M-299,Enterprise,APAC,35.2,Yes,142400,23,4,0.1739,0.208,24.0,24,1.0,1.0646,11.8226,8.2065,10.733,19,11,8,0,0,0.5103,0.2571,0.1594,0.0733
R-2142,M-299,Enterprise,APAC,90.2,Yes,201100,34,12,0.3529,0.4381,24.0,59,2.4583,2.4216,13.001,10.6065,12.2191,22,4,3,7,8,0.3138,0.1885,0.3358,0.162
R-2143,M-299,Enterprise,APAC,23.1,Yes,131000,24,5,0.2083,0.1357,23.1,57,2.4675,2.9345,9.0926,8.2237,5.2739,19,9,4,2,4,0.4577,0.3284,0.0783,0.1355
R-2144,M-299,Enterprise,APAC,22.3,Yes,181900,15,3,0.2,0.1773,22.3,60,2.6906,2.3376,13.4812,12.5171,10.839,12,4,5,1,2,0.4524,0.2144,0.0955,0.2377
R-2145,M-299,Enterprise,APAC,7.8,No,145400,9,4,0.4444,0.2217,7.8,35,4.4872,3.5168,10.392,13.7825,14.4865,5,3,1,0,1,0.5362,0.248,0.0707,0.1452
R-2146,M-299,Enterprise,APAC,57.5,Yes,219600,30,9,0.3,0.319,24.0,65,2.7083,2.2073,11.431,7.8276,10.4193,21,10,3,2,6,0.5917,0.1532,0.0758,0.1792
R-2147,M-300,SMB,EMEA,3.4,No,9500,14,2,0.1429,0.0953,3.4,20,5.8824,5.7495,9.0531,9.5003,9.9632,12,7,4,1,0,0.4736,0.2383,0.1611,0.127
R-2148,M-300,SMB,EMEA,19.2,Yes,9500,176,34,0.1932,0.2296,19.2,180,9.375,9.3216,11.6349,8.866,10.3222,142,15,32,65,30,0.0988,0.2489,0.4129,0.2395
R-2149,M-300,SMB,EMEA,4.5,No,8600,26,1,0.0385,0.0856,4.5,23,5.1111,5.7546,15.4552,7.8391,12.6415,25,9,12,3,1,0.2959,0.4609,0.1883,0.0549
R-2150,M-300,SMB,EMEA,31.5,Yes,8000,125,27,0.216,0.2183,24.0,130,5.4167,5.3076,12.0027,9.6278,11.0935,98,13,37,12,36,0.1291,0.4115,0.169,0.2904
R-2151,M-300,SMB,EMEA,20.0,No,8800,131,25,0.1908,0.191,20.0,120,6.0,6.1427,15.9425,10.1761,14.6076,106,9,52,17,28,0.0682,0.4372,0.1822,0.3125
R-2152,M-300,SMB,EMEA,5.7,Yes,9300,25,5,0.2,0.1976,5.7,66,11.5789,8.8108,14.0027,9.4216,13.0059,20,7,4,2,7,0.3552,0.3539,0.1304,0.1606
R-2153,M-300,SMB,EMEA,9.6,Yes,10700,80,9,0.1125,0.1559,9.6,58,6.0417,6.8811,13.3797,10.4834,11.9745,71,11,42,15,3,0.1375,0.6096,0.1995,0.0534
R-2154,M-300,SMB,EMEA,54.0,Yes,9800,153,23,0.1503,0.1846,24.0,76,3.1667,3.5573,8.1994,8.6411,6.4676,130,23,70,31,6,0.1625,0.5657,0.2283,0.0435
R-2155,M-300,SMB,EMEA,27.3,Yes,10100,230,60,0.2609,0.3105,24.0,224,9.3333,8.8927,13.1344,9.9329,11.354,170,54,36,71,9,0.3004,0.2693,0.3577,0.0726
R-2156,M-300,SMB,EMEA,15.2,No,9300,136,32,0.2353,0.1929,15.2,154,10.1316,9.9635,11.4926,8.8316,8.9058,104,46,24,15,19,0.4143,0.2243,0.1386,0.2227
R-2157,M-300,SMB,EMEA,10.9,No,10900,82,12,0.1463,0.17,10.9,53,4.8624,4.9389,14.5077,10.4634,11.6539,70,29,8,10,23,0.4264,0.1042,0.1001,0.3694
R-2158,M-300,SMB,EMEA,19.8,Yes,5100,164,41,0.25,0.2609,19.8,163,8.2323,7.6822,11.3401,9.6122,10.3628,123,27,32,51,13,0.2225,0.2645,0.4089,0.1041
R-2159,M-301,Enterprise,North America,24.6,No,120800,30,1,0.0333,0.0712,24.0,46,1.9167,1.8909,12.2149,10.1127,12.9147,29,9,19,1,0,0.3759,0.5191,0.0578,0.0471
R-2160,M-301,Enterprise,North America,7.1,Yes,144000,8,2,0.25,0.1269,7.1,21,2.9577,2.7525,14.1374,10.8774,13.2702,6,4,2,0,0,0.4652,0.4509,0.0128,0.0711
R-2161,M-301,Enterprise,North America,4.5,No,123300,4,0,0.0,0.0667,4.5,9,2.0,2.3474,8.1883,4.4496,12.8542,4,2,0,0,2,0.7345,0.1123,0.0239,0.1293
R-2162,M-301,Enterprise,North America,64.6,Yes,174200,32,7,0.2188,0.1949,24.0,66,2.75,2.5952,20.029,10.3664,16.643,25,7,11,0,7,0.343,0.4506,0.0212,0.1852
R-2163,M-301,Enterprise,North America,7.7,No,161300,11,1,0.0909,0.0248,7.7,21,2.7273,2.7496,17.521,8.8799,16.7285,10,7,3,0,0,0.6747,0.1969,0.0175,0.1108
R-2164,M-301,Enterprise,North America,42.7,Yes,152800,24,1,0.0417,0.0466,24.0,61,2.5417,2.5759,10.2415,10.7084,10.0152,23,8,8,3,4,0.3106,0.3842,0.223,0.0823
R-2165,M-301,Enterprise,North America,8.4,Yes,174600,13,2,0.1538,0.1197,8.4,30,3.5714,3.4614,7.7611,5.5651,8.3656,11,4,5,2,0,0.4606,0.4461,0.0664,0.027
R-2166,M-301,Enterprise,North America,4.8,No,241800,4,0,0.0,0.0905,4.8,20,4.1667,3.5869,3.8687,3.8317,10.4968,4,1,1,1,1,0.2248,0.3764,0.024,0.3748
R-2167,M-301,Enterprise,North America,16.5,Yes,162400,21,0,0.0,0.029,16.5,42,2.5455,2.9061,4.9983,7.1034,4.6279,21,11,0,1,9,0.3748,0.1783,0.0942,0.3527
R-2168,M-301,Enterprise,North America,1.1,No,189000,3,0,0.0,0.0639,1.1,2,1.8182,2.1758,23.9252,10.4744,14.8394,3,2,0,0,1,0.462,0.228,0.1653,0.1447
R-2169,M-301,Enterprise,North America,34.3,No,148300,32,1,0.0312,0.1266,24.0,37,1.5417,2.005,10.3744,8.5529,11.5767,31,13,16,0,2,0.3632,0.3694,0.1565,0.1109
R-2170,M-301,Enterprise,North America,16.4,No,192500,28,0,0.0,0.0627,16.4,27,1.6463,1.8074,15.5094,9.5204,13.7377,28,9,11,4,4,0.4322,0.3451,0.0869,0.1358
R-2171,M-301,Enterprise,North America,27.8,Yes,209500,26,2,0.0769,0.1477,24.0,50,2.0833,1.8361,8.2008,8.9567,7.7855,24,14,7,3,0,0.4405,0.413,0.0862,0.0603
R-2172,M-301,Enterprise,North America,19.2,Yes,136800,26,4,0.1538,0.1758,19.2,47,2.4479,2.1597,9.0538,6.7367,12.9856,22,5,7,2,8,0.2902,0.3105,0.1122,0.287
R-2173,M-301,Enterprise,North America,2.1,No,167200,3,1,0.3333,0.1177,2.1,5,2.381,1.7938,10.6991,12.1547,11.3206,2,0,1,0,1,0.1634,0.5774,0.0728,0.1864
R-2174,M-301,Enterprise,North America,3.6,No,243800,4,0,0.0,0.0833,3.6,12,3.3333,3.1849,6.7241,9.8787,8.1469,4,2,1,0,1,0.501,0.2876,0.0482,0.1632
R-2175,M-302,Enterprise,North America,11.1,Yes,230300,17,0,0.0,0.1021,11.1,34,3.0631,2.0747,18.6616,10.5771,13.9832,17,11,2,3,1,0.5008,0.2407,0.1243,0.1342
R-2176,M-302,Enterprise,North America,32.3,No,202300,24,3,0.125,0.0573,24.0,82,3.4167,2.6807,15.1209,9.9599,10.7918,21,3,16,0,2,0.2141,0.5522,0.0623,0.1714
R-2177,M-302,Enterprise,North America,42.8,Yes,179200,29,3,0.1034,0.0879,24.0,35,1.4583,1.4729,9.2848,7.625,7.8532,26,16,5,4,1,0.6299,0.2523,0.0463,0.0715
R-2178,M-302,Enterprise,North America,3.6,No,144600,3,0,0.0,0.0457,3.6,9,2.5,2.5006,2.4258,4.2016,7.1733,3,1,2,0,0,0.324,0.2782,0.1036,0.2943
R-2179,M-302,Enterprise,North America,46.4,Yes,169800,26,6,0.2308,0.1838,24.0,65,2.7083,2.2944,9.2418,7.6937,10.1733,20,8,8,4,0,0.3254,0.3179,0.2664,0.0903
R-2180,M-302,Enterprise,North America,9.6,Yes,214200,11,0,0.0,0.0108,9.6,23,2.3958,2.1563,17.4866,9.2782,12.6979,11,3,8,0,0,0.1672,0.5904,0.0446,0.1978
R-2181,M-302,Enterprise,North America,36.8,No,121300,39,4,0.1026,0.1013,24.0,42,1.75,2.2988,12.0517,9.7982,10.4594,35,16,18,0,1,0.4045,0.5437,0.0292,0.0226
R-2182,M-302,Enterprise,North America,2.7,No,172100,3,0,0.0,0.0313,2.7,5,1.8519,2.4741,11.0641,12.398,11.6286,3,1,2,0,0,0.4102,0.4532,0.0293,0.1073
R-2183,M-302,Enterprise,North America,8.4,No,154800,10,0,0.0,0.0547,8.4,19,2.2619,2.6797,17.1559,10.1236,12.4178,10,2,6,2,0,0.1933,0.6335,0.0937,0.0794
R-2184,M-302,Enterprise,North America,40.0,Yes,165200,45,13,0.2889,0.2849,24.0,73,3.0417,3.4944,15.5015,9.9639,15.4315,32,15,13,3,1,0.5343,0.3479,0.0761,0.0417
R-2185,M-302,Enterprise,North America,34.8,Yes,159800,23,0,0.0,0.0118,24.0,30,1.25,1.3488,13.2153,11.028,8.5926,23,7,7,4,5,0.3863,0.2458,0.106,0.262
R-2186,M-302,Enterprise,North America,88.8,Yes,174600,30,6,0.2,0.2223,24.0,82,3.4167,2.9212,9.3868,8.4557,9.4314,24,10,8,4,2,0.3563,0.2869,0.2236,0.1331
R-2187,M-302,Enterprise,North America,11.9,Yes,189500,19,1,0.0526,0.1063,11.9,18,1.5126,1.8475,10.0088,9.9003,11.2494,18,7,7,2,2,0.6513,0.2314,0.054,0.0633
R-2188,M-303,Enterprise,EMEA,48.3,Yes,258900,37,11,0.2973,0.3547,24.0,81,3.375,2.8911,12.7511,9.6422,12.5581,26,13,7,0,6,0.5041,0.2998,0.0075,0.1886
R-2189,M-303,Enterprise,EMEA,2.8,No,184400,3,1,0.3333,0.1544,2.8,9,3.2143,2.6171,10.0226,12.7712,14.3143,2,0,1,1,0,0.3935,0.4089,0.1725,0.0252
R-2190,M-303,Enterprise,EMEA,42.3,No,148100,28,5,0.1786,0.1829,24.0,44,1.8333,2.1177,20.3356,9.3544,18.6221,23,6,12,4,1,0.3485,0.49,0.0955,0.0659
R-2191,M-303,Enterprise,EMEA,8.4,No,148800,10,2,0.2,0.0777,8.4,17,2.0238,1.9982,7.2515,8.9414,11.5876,8,1,6,0,1,0.3136,0.5453,0.0159,0.1252
R-2192,M-303,Enterprise,EMEA,27.0,Yes,160800,36,7,0.1944,0.2691,24.0,57,2.375,2.6509,9.0365,8.2812,10.5578,29,21,5,0,3,0.5333,0.3805,0.0003,0.0858
R-2193,M-303,Enterprise,EMEA,17.0,No,141500,27,3,0.1111,0.0995,17.0,36,2.1176,2.175,13.6654,9.7409,16.116,24,8,11,0,5,0.4412,0.395,0.0066,0.1572
R-2194,M-303,Enterprise,EMEA,47.1,Yes,167400,22,1,0.0455,0.2245,24.0,96,4.0,3.6343,16.311,11.7221,13.081,21,11,6,0,4,0.3659,0.4077,0.1048,0.1216
R-2195,M-303,Enterprise,EMEA,44.6,No,131500,35,6,0.1714,0.0883,24.0,52,2.1667,2.0032,7.8818,8.9074,6.8586,29,15,8,6,0,0.4419,0.2795,0.2465,0.0322
R-2196,M-303,Enterprise,EMEA,10.9,No,146900,17,4,0.2353,0.2595,10.9,16,1.4679,1.9466,11.7486,8.1637,13.6162,13,10,2,1,0,0.7593,0.0823,0.1232,0.0352
R-2197,M-303,Enterprise,EMEA,10.8,Yes,191400,13,1,0.0769,0.1033,10.8,16,1.4815,1.5858,13.3755,12.8131,12.7869,12,8,2,0,2,0.5383,0.3245,0.0181,0.1192
R-2198,M-303,Enterprise,EMEA,26.7,No,222300,14,0,0.0,0.1189,24.0,53,2.2083,1.896,21.0585,10.3829,15.5717,14,5,3,3,3,0.3279,0.383,0.1954,0.0937
R-2199,M-303,Enterprise,EMEA,4.5,No,209900,4,1,0.25,0.211,4.5,21,4.6667,3.2188,6.7086,7.7613,9.8494,3,2,1,0,0,0.4498,0.3678,0.0865,0.0958
R-2200,M-303,Enterprise,EMEA,29.4,Yes,162600,40,14,0.35,0.2441,24.0,54,2.25,2.2478,16.8291,10.2604,16.5736,26,15,10,0,1,0.5611,0.352,0.0298,0.0571
